8d5da888e8fab653616b7df9a437d11a_1cd5e9c9-953f-4c92-9bbb-a3a33d28cf00,insts/NL/nl4.txt,3,data/nl4_sl3_cvrp.pkl.bz2,CVRP,107904,8044,0.004564600000000002
8d5da888e8fab653616b7df9a437d11a_1f3569d5-28ae-4517-afe3-cd748f3b5afa,insts/NL/nl4.txt,1,data/nl4_sl1_cvrp.pkl.bz2,CVRP,50176,12544,0.009689600000000076
8d5da888e8fab653616b7df9a437d11a_dd2a7877-0605-4c48-b281-ba33cc7deb1e,insts/NL/nl4.txt,1,data/nl4_sl1_cvrp.pkl.bz2,CVRP,50176,12544,0.0023480000000000167
8d5da888e8fab653616b7df9a437d11a_19b64ab6-3293-4476-8b7f-501b79899169,insts/NL/nl4.txt,1,data/nl4_sl1_cvrp.pkl.bz2,CVRP,50176,12544,0.002319700000000008
8d5da888e8fab653616b7df9a437d11a_9d40c3a7-eb3f-4ea5-ab8a-0d0e50ae3bca,insts/NL/nl4.txt,1,data/nl4_sl1_cvrp.pkl.bz2,CVRP,50176,12544,0.0022275999999999962
8d5da888e8fab653616b7df9a437d11a_398cde76-86ca-4c64-9e2d-0e6103a2a846,insts/NL/nl4.txt,1,data/nl4_sl1_cvrp.pkl.bz2,CVRP,50176,12544,0.002306500000000017
8d5da888e8fab653616b7df9a437d11a_9524877b-8cc0-431e-bd4b-b037ace674a6,insts/NL/nl4.txt,1,data/nl4_sl1_cvrp.pkl.bz2,CVRP,50176,12544,0.0023112000000000132
8d5da888e8fab653616b7df9a437d11a_35506ad1-3e31-4c39-b421-c215d665efcc,insts/NL/nl4.txt,1,data/nl4_sl1_cvrp.pkl.bz2,CVRP,50176,12544,0.0022637000000000074
8d5da888e8fab653616b7df9a437d11a_dfdaaa6b-2986-4ffd-817e-2a5e1c9ede66,insts/NL/nl4.txt,1,data/nl4_sl1_cvrp.pkl.bz2,CVRP,50176,12544,0.0023543000000000036
8d5da888e8fab653616b7df9a437d11a_d3374073-10f5-44ba-9f11-b37fe8227e98,insts/NL/nl4.txt,1,data/nl4_sl1_cvrp.pkl.bz2,CVRP,50176,12544,0.002411699999999989
8d5da888e8fab653616b7df9a437d11a_83d62416-63c0-4370-9f04-ee5f9284abe2,insts/NL/nl4.txt,1,data/nl4_sl1_cvrp.pkl.bz2,CVRP,50176,12544,0.0022924
8d5da888e8fab653616b7df9a437d11a_1f6fadcb-b7b7-4d4b-b179-5eb095524610,insts/NL/nl4.txt,1,data/nl4_sl1_cvrph.pkl.bz2,CVRPH,50080,12544,0.0031941999999999804
8d5da888e8fab653616b7df9a437d11a_ec697087-7212-43fe-930b-98e433c9cd43,insts/NL/nl4.txt,1,data/nl4_sl1_cvrph.pkl.bz2,CVRPH,50080,12544,0.0036096999999999935
8d5da888e8fab653616b7df9a437d11a_dee020bd-b23b-43b3-8911-0f7eba9f8681,insts/NL/nl4.txt,1,data/nl4_sl1_cvrph.pkl.bz2,CVRPH,50080,12544,0.0029779000000000055
8d5da888e8fab653616b7df9a437d11a_b549c3d9-8a94-4a47-8da0-7aaef28a3145,insts/NL/nl4.txt,1,data/nl4_sl1_cvrph.pkl.bz2,CVRPH,50080,12544,0.003098400000000001
8d5da888e8fab653616b7df9a437d11a_186a43df-9d1b-4ae6-973f-a8b1bff9b9d6,insts/NL/nl4.txt,1,data/nl4_sl1_cvrph.pkl.bz2,CVRPH,50080,12544,0.0030808999999999975
8d5da888e8fab653616b7df9a437d11a_02363501-3910-42ef-8228-f7e50699639c,insts/NL/nl4.txt,1,data/nl4_sl1_cvrph.pkl.bz2,CVRPH,50080,12544,0.002992500000000009
8d5da888e8fab653616b7df9a437d11a_463d54c0-631b-4d3c-9684-5bb4b8f677a4,insts/NL/nl4.txt,1,data/nl4_sl1_cvrph.pkl.bz2,CVRPH,50080,12544,0.0032319000000000098
8d5da888e8fab653616b7df9a437d11a_b9d7c392-1aaf-4cfe-8457-dec782a249ae,insts/NL/nl4.txt,1,data/nl4_sl1_cvrph.pkl.bz2,CVRPH,50080,12544,0.003062200000000015
8d5da888e8fab653616b7df9a437d11a_b9786613-9e1b-4731-8b0a-e3dac0045048,insts/NL/nl4.txt,1,data/nl4_sl1_cvrph.pkl.bz2,CVRPH,50080,12544,0.002968399999999982
8d5da888e8fab653616b7df9a437d11a_4853ee4f-89cb-40ac-9e66-6041a04efc7a,insts/NL/nl4.txt,1,data/nl4_sl1_cvrph.pkl.bz2,CVRPH,50080,12544,0.0029954999999999843
8d5da888e8fab653616b7df9a437d11a_48efcbf7-a9ea-4db7-910d-8ea12646b524,insts/NL/nl4.txt,2,data/nl4_sl2_cvrp.pkl.bz2,CVRP,91324,10280,0.0032588999999999813
8d5da888e8fab653616b7df9a437d11a_cd412c80-e2f0-4a38-be3c-bfef9fabcded,insts/NL/nl4.txt,2,data/nl4_sl2_cvrp.pkl.bz2,CVRP,91324,10280,0.0033070999999999795
8d5da888e8fab653616b7df9a437d11a_8a04068f-b1eb-41e6-b184-c6733c6cbb33,insts/NL/nl4.txt,2,data/nl4_sl2_cvrp.pkl.bz2,CVRP,91324,10280,0.003056399999999987
8d5da888e8fab653616b7df9a437d11a_e10015e4-2c6d-49fe-a6b2-40e6d29dfcda,insts/NL/nl4.txt,2,data/nl4_sl2_cvrp.pkl.bz2,CVRP,91324,10280,0.0033667000000000002
8d5da888e8fab653616b7df9a437d11a_ab1e4a68-495d-440c-8bfc-7db3d508bc4e,insts/NL/nl4.txt,2,data/nl4_sl2_cvrp.pkl.bz2,CVRP,91324,10280,0.003018099999999996
8d5da888e8fab653616b7df9a437d11a_74987f84-bdf4-4e7e-b4f5-467cc844c46b,insts/NL/nl4.txt,2,data/nl4_sl2_cvrp.pkl.bz2,CVRP,91324,10280,0.0031364999999999865
8d5da888e8fab653616b7df9a437d11a_337e8025-8559-400c-b6cb-550aed3b9a52,insts/NL/nl4.txt,2,data/nl4_sl2_cvrp.pkl.bz2,CVRP,91324,10280,0.003272900000000023
8d5da888e8fab653616b7df9a437d11a_74233b5e-4418-47e0-b503-d04d5fedef55,insts/NL/nl4.txt,2,data/nl4_sl2_cvrp.pkl.bz2,CVRP,91324,10280,0.0029788000000000037
8d5da888e8fab653616b7df9a437d11a_c05ac788-ce90-4753-b1ea-157338bf28ff,insts/NL/nl4.txt,2,data/nl4_sl2_cvrp.pkl.bz2,CVRP,91324,10280,0.003152000000000016
8d5da888e8fab653616b7df9a437d11a_54530615-c356-497c-b0dc-25c7f7a76230,insts/NL/nl4.txt,2,data/nl4_sl2_cvrp.pkl.bz2,CVRP,91324,10280,0.0030061999999999867
8d5da888e8fab653616b7df9a437d11a_463de6b5-5dc6-44fc-8b60-07cd5ba523ad,insts/NL/nl4.txt,2,data/nl4_sl2_cvrph.pkl.bz2,CVRPH,128768,10280,0.0051027000000000156
8d5da888e8fab653616b7df9a437d11a_f121ab13-fbf2-4942-b1fa-783f18c9f853,insts/NL/nl4.txt,2,data/nl4_sl2_cvrph.pkl.bz2,CVRPH,128768,10280,0.005268299999999976
8d5da888e8fab653616b7df9a437d11a_1df376e6-6b0e-4c4e-a5cd-d8d6423306b8,insts/NL/nl4.txt,2,data/nl4_sl2_cvrph.pkl.bz2,CVRPH,128768,10280,0.005131500000000011
8d5da888e8fab653616b7df9a437d11a_71e29536-f620-4368-8e64-33b1a1461d94,insts/NL/nl4.txt,2,data/nl4_sl2_cvrph.pkl.bz2,CVRPH,128768,10280,0.005484500000000003
8d5da888e8fab653616b7df9a437d11a_b3a2781d-c131-402d-bc2c-8637bd6d9409,insts/NL/nl4.txt,2,data/nl4_sl2_cvrph.pkl.bz2,CVRPH,128768,10280,0.0052228
8d5da888e8fab653616b7df9a437d11a_a2c32d1c-6310-413d-8cd5-a049fb1c1221,insts/NL/nl4.txt,2,data/nl4_sl2_cvrph.pkl.bz2,CVRPH,128768,10280,0.005110000000000003
8d5da888e8fab653616b7df9a437d11a_3c93b775-a3fe-4e5e-999b-443c29563000,insts/NL/nl4.txt,2,data/nl4_sl2_cvrph.pkl.bz2,CVRPH,128768,10280,0.005043799999999987
8d5da888e8fab653616b7df9a437d11a_b4493072-4cdb-44e9-9080-e1e6017b5b93,insts/NL/nl4.txt,2,data/nl4_sl2_cvrph.pkl.bz2,CVRPH,128768,10280,0.00501790000000002
8d5da888e8fab653616b7df9a437d11a_edc68eb1-08e1-4f94-8832-13abe3df5574,insts/NL/nl4.txt,2,data/nl4_sl2_cvrph.pkl.bz2,CVRPH,128768,10280,0.005138200000000009
8d5da888e8fab653616b7df9a437d11a_10a0c527-8f65-44ac-9a61-25c17ae81a42,insts/NL/nl4.txt,2,data/nl4_sl2_cvrph.pkl.bz2,CVRPH,128768,10280,0.005140699999999998
8d5da888e8fab653616b7df9a437d11a_356d1996-df91-4b30-8693-b89101012715,insts/NL/nl4.txt,3,data/nl4_sl3_cvrp.pkl.bz2,CVRP,107904,8044,0.0035783000000000065
8d5da888e8fab653616b7df9a437d11a_c187c748-c44b-4e32-97a6-65136600613d,insts/NL/nl4.txt,3,data/nl4_sl3_cvrp.pkl.bz2,CVRP,107904,8044,0.003532300000000016
8d5da888e8fab653616b7df9a437d11a_585e13da-631d-4045-8e80-0dc47246b5e8,insts/NL/nl4.txt,3,data/nl4_sl3_cvrp.pkl.bz2,CVRP,107904,8044,0.0035741999999999996
8d5da888e8fab653616b7df9a437d11a_6a0923d7-229f-4595-88b1-fc93c7fd765f,insts/NL/nl4.txt,3,data/nl4_sl3_cvrp.pkl.bz2,CVRP,107904,8044,0.0034623000000000015
8d5da888e8fab653616b7df9a437d11a_02084082-9347-4ca2-ad81-4dfad0b66ae3,insts/NL/nl4.txt,3,data/nl4_sl3_cvrp.pkl.bz2,CVRP,107904,8044,0.0034523999999999944
8d5da888e8fab653616b7df9a437d11a_dab41b33-bdef-41db-b292-bd264ff7c456,insts/NL/nl4.txt,3,data/nl4_sl3_cvrp.pkl.bz2,CVRP,107904,8044,0.003730299999999992
8d5da888e8fab653616b7df9a437d11a_bef04a6d-585f-413c-ba7f-70842b60901b,insts/NL/nl4.txt,3,data/nl4_sl3_cvrp.pkl.bz2,CVRP,107904,8044,0.003452999999999984
8d5da888e8fab653616b7df9a437d11a_12a07a22-8143-4538-89a9-2d76a13af480,insts/NL/nl4.txt,3,data/nl4_sl3_cvrp.pkl.bz2,CVRP,107904,8044,0.003466899999999995
8d5da888e8fab653616b7df9a437d11a_916d7a1d-0fd0-4063-93cf-8b3dea005dbd,insts/NL/nl4.txt,3,data/nl4_sl3_cvrp.pkl.bz2,CVRP,107904,8044,0.0035125000000000017
8d5da888e8fab653616b7df9a437d11a_9e4762ee-e284-47f1-a252-77e44ea5dfc4,insts/NL/nl4.txt,3,data/nl4_sl3_cvrp.pkl.bz2,CVRP,107904,8044,0.003479999999999983
8d5da888e8fab653616b7df9a437d11a_538ac6d7-cd33-4c15-8636-6d056d923231,insts/NL/nl4.txt,3,data/nl4_sl3_cvrph.pkl.bz2,CVRPH,180168,8044,0.006351400000000007
8d5da888e8fab653616b7df9a437d11a_5adac3b8-8f2b-4582-a832-4d8fa8561e57,insts/NL/nl4.txt,3,data/nl4_sl3_cvrph.pkl.bz2,CVRPH,180168,8044,0.006376300000000001
8d5da888e8fab653616b7df9a437d11a_6f8199cf-b582-4d53-a784-f276df01a906,insts/NL/nl4.txt,3,data/nl4_sl3_cvrph.pkl.bz2,CVRPH,180168,8044,0.006851999999999997
8d5da888e8fab653616b7df9a437d11a_94ee215f-459c-4033-9aab-1532807152b2,insts/NL/nl4.txt,3,data/nl4_sl3_cvrph.pkl.bz2,CVRPH,180168,8044,0.006397299999999995
8d5da888e8fab653616b7df9a437d11a_4974c521-2ea0-4cb9-9faa-e88f875a4423,insts/NL/nl4.txt,3,data/nl4_sl3_cvrph.pkl.bz2,CVRPH,180168,8044,0.006365099999999985
8d5da888e8fab653616b7df9a437d11a_679d77b9-8cc6-422a-b3b2-398fcc72805a,insts/NL/nl4.txt,3,data/nl4_sl3_cvrph.pkl.bz2,CVRPH,180168,8044,0.0063306000000000195
8d5da888e8fab653616b7df9a437d11a_938a835d-4447-49f4-a108-ceac47b3ddd9,insts/NL/nl4.txt,3,data/nl4_sl3_cvrph.pkl.bz2,CVRPH,180168,8044,0.006713599999999986
8d5da888e8fab653616b7df9a437d11a_50683bf1-d9b6-40fa-8373-5a48171fc816,insts/NL/nl4.txt,3,data/nl4_sl3_cvrph.pkl.bz2,CVRPH,180168,8044,0.006563299999999994
8d5da888e8fab653616b7df9a437d11a_a525d201-affb-428f-b590-3470a04440da,insts/NL/nl4.txt,3,data/nl4_sl3_cvrph.pkl.bz2,CVRPH,180168,8044,0.006572300000000003
8d5da888e8fab653616b7df9a437d11a_84057810-875a-4408-9287-016e2621e94f,insts/NL/nl4.txt,3,data/nl4_sl3_cvrph.pkl.bz2,CVRPH,180168,8044,0.006676700000000008
c69655959e11a11f06dff1d2ba89b0b1_ac18083a-ea91-4b66-847c-3db3d4801d1a,insts/NL/nl6.txt,1,data/nl6_sl1_cvrp.pkl.bz2,CVRP,623488,38968,0.011168399999999995
c69655959e11a11f06dff1d2ba89b0b1_b73544ed-ed4c-45c7-953a-9b80b230a52b,insts/NL/nl6.txt,1,data/nl6_sl1_cvrp.pkl.bz2,CVRP,623488,38968,0.006420700000000001
c69655959e11a11f06dff1d2ba89b0b1_c4d086e1-7040-45e9-8d52-ddb187d49bc1,insts/NL/nl6.txt,1,data/nl6_sl1_cvrp.pkl.bz2,CVRP,623488,38968,0.006448700000000002
c69655959e11a11f06dff1d2ba89b0b1_dcec8501-d662-49a4-b9dc-680e13614aae,insts/NL/nl6.txt,1,data/nl6_sl1_cvrp.pkl.bz2,CVRP,623488,38968,0.00654769999999999
c69655959e11a11f06dff1d2ba89b0b1_3eece3b6-147d-4b5a-b3c1-54f11735bf24,insts/NL/nl6.txt,1,data/nl6_sl1_cvrp.pkl.bz2,CVRP,623488,38968,0.006705700000000009
c69655959e11a11f06dff1d2ba89b0b1_4d398454-dabb-4e00-8b47-b6788b8d4c6a,insts/NL/nl6.txt,1,data/nl6_sl1_cvrp.pkl.bz2,CVRP,623488,38968,0.0065506000000000175
c69655959e11a11f06dff1d2ba89b0b1_eaa785b5-8a9c-4ed2-bd80-2dd159a433dc,insts/NL/nl6.txt,1,data/nl6_sl1_cvrp.pkl.bz2,CVRP,623488,38968,0.0063637
c69655959e11a11f06dff1d2ba89b0b1_982b9a0c-2729-4702-936a-ea08b0ecb73a,insts/NL/nl6.txt,1,data/nl6_sl1_cvrp.pkl.bz2,CVRP,623488,38968,0.006572699999999987
c69655959e11a11f06dff1d2ba89b0b1_15f1142a-349a-4c5c-85c0-aedf5a8b87ba,insts/NL/nl6.txt,1,data/nl6_sl1_cvrp.pkl.bz2,CVRP,623488,38968,0.006494800000000023
c69655959e11a11f06dff1d2ba89b0b1_d0fd2be4-4e02-48dd-bed4-c80d7d0385d4,insts/NL/nl6.txt,1,data/nl6_sl1_cvrp.pkl.bz2,CVRP,623488,38968,0.0063993999999999995
c69655959e11a11f06dff1d2ba89b0b1_3351a64b-aec8-4896-a704-2d97ba1a0aac,insts/NL/nl6.txt,1,data/nl6_sl1_cvrph.pkl.bz2,CVRPH,622528,38968,0.016343599999999986
c69655959e11a11f06dff1d2ba89b0b1_6f20b5d4-5344-46c9-885d-d88602ae1d41,insts/NL/nl6.txt,1,data/nl6_sl1_cvrph.pkl.bz2,CVRPH,622528,38968,0.01568739999999999
c69655959e11a11f06dff1d2ba89b0b1_f1410fdb-1403-483a-b042-8e5fe40f4581,insts/NL/nl6.txt,1,data/nl6_sl1_cvrph.pkl.bz2,CVRPH,622528,38968,0.015673099999999995
c69655959e11a11f06dff1d2ba89b0b1_b5689652-f103-44cd-b73e-c2d6b476cd9e,insts/NL/nl6.txt,1,data/nl6_sl1_cvrph.pkl.bz2,CVRPH,622528,38968,0.016091999999999995
c69655959e11a11f06dff1d2ba89b0b1_911062ac-821b-4f8f-89b1-328de7eea78a,insts/NL/nl6.txt,1,data/nl6_sl1_cvrph.pkl.bz2,CVRPH,622528,38968,0.015563400000000005
c69655959e11a11f06dff1d2ba89b0b1_b2ebdbf1-bc72-41d4-8a2c-6e050ea08417,insts/NL/nl6.txt,1,data/nl6_sl1_cvrph.pkl.bz2,CVRPH,622528,38968,0.015581399999999995
c69655959e11a11f06dff1d2ba89b0b1_e8f18654-0a91-44a6-930c-f35548417111,insts/NL/nl6.txt,1,data/nl6_sl1_cvrph.pkl.bz2,CVRPH,622528,38968,0.016446600000000006
c69655959e11a11f06dff1d2ba89b0b1_d4fb1f4b-7f8f-417f-9225-671a2e04fb9d,insts/NL/nl6.txt,1,data/nl6_sl1_cvrph.pkl.bz2,CVRPH,622528,38968,0.015524800000000005
c69655959e11a11f06dff1d2ba89b0b1_460db75c-8985-4a76-a2d1-525f8d43167d,insts/NL/nl6.txt,1,data/nl6_sl1_cvrph.pkl.bz2,CVRPH,622528,38968,0.015950700000000012
c69655959e11a11f06dff1d2ba89b0b1_73bc89b9-2918-4ce5-a07b-9ea28cf6de39,insts/NL/nl6.txt,1,data/nl6_sl1_cvrph.pkl.bz2,CVRPH,622528,38968,0.015809900000000016
c69655959e11a11f06dff1d2ba89b0b1_1c51807a-a11e-42cb-a021-7b6a4359245a,insts/NL/nl6.txt,2,data/nl6_sl2_cvrp.pkl.bz2,CVRP,1515888,26042,0.027519000000000016
c69655959e11a11f06dff1d2ba89b0b1_c5fac3d9-40d9-4225-887d-7a5187d77255,insts/NL/nl6.txt,2,data/nl6_sl2_cvrp.pkl.bz2,CVRP,1515888,26042,0.019388900000000014
c69655959e11a11f06dff1d2ba89b0b1_b97150e6-6f9c-4cee-824a-9d48fb3d16a3,insts/NL/nl6.txt,2,data/nl6_sl2_cvrp.pkl.bz2,CVRP,1515888,26042,0.019685000000000008
c69655959e11a11f06dff1d2ba89b0b1_4193cbdc-9b41-414f-85fc-b6339257f238,insts/NL/nl6.txt,2,data/nl6_sl2_cvrp.pkl.bz2,CVRP,1515888,26042,0.019233100000000003
c69655959e11a11f06dff1d2ba89b0b1_74e1d4ab-d45e-4cbe-a330-dce8cdca3428,insts/NL/nl6.txt,2,data/nl6_sl2_cvrp.pkl.bz2,CVRP,1515888,26042,0.01912140000000001
c69655959e11a11f06dff1d2ba89b0b1_6b848a5a-a9f2-4595-9760-443bd664b13b,insts/NL/nl6.txt,2,data/nl6_sl2_cvrp.pkl.bz2,CVRP,1515888,26042,0.019510200000000005
c69655959e11a11f06dff1d2ba89b0b1_576ed8cf-2718-40af-81ad-42bd3068f810,insts/NL/nl6.txt,2,data/nl6_sl2_cvrp.pkl.bz2,CVRP,1515888,26042,0.01885819999999999
c69655959e11a11f06dff1d2ba89b0b1_7c7c1765-2b0f-416a-ab16-5f8ad6f16b6b,insts/NL/nl6.txt,2,data/nl6_sl2_cvrp.pkl.bz2,CVRP,1515888,26042,0.0192697
c69655959e11a11f06dff1d2ba89b0b1_74be713f-89b9-437f-8b83-844c23f0dd5c,insts/NL/nl6.txt,2,data/nl6_sl2_cvrp.pkl.bz2,CVRP,1515888,26042,0.019358599999999976
c69655959e11a11f06dff1d2ba89b0b1_b3865d64-b6eb-4f03-bd93-81eb216d6729,insts/NL/nl6.txt,2,data/nl6_sl2_cvrp.pkl.bz2,CVRP,1515888,26042,0.019990200000000014
c69655959e11a11f06dff1d2ba89b0b1_92fd6328-d51f-4d4f-984a-bc5afa400f81,insts/NL/nl6.txt,2,data/nl6_sl2_cvrph.pkl.bz2,CVRPH,2828065,26042,0.05591289999999999
c69655959e11a11f06dff1d2ba89b0b1_7b2458de-5a44-4c98-b5ca-fb85815d1164,insts/NL/nl6.txt,2,data/nl6_sl2_cvrph.pkl.bz2,CVRPH,2828065,26042,0.05666079999999998
c69655959e11a11f06dff1d2ba89b0b1_dc223c8b-7474-4434-ba15-0a81dff22e93,insts/NL/nl6.txt,2,data/nl6_sl2_cvrph.pkl.bz2,CVRPH,2828065,26042,0.056304999999999994
c69655959e11a11f06dff1d2ba89b0b1_064cf040-04cb-474e-859e-d454eea40b0b,insts/NL/nl6.txt,2,data/nl6_sl2_cvrph.pkl.bz2,CVRPH,2828065,26042,0.0563584
c69655959e11a11f06dff1d2ba89b0b1_e2e34a53-7d4d-4a2a-b117-513ffde1482e,insts/NL/nl6.txt,2,data/nl6_sl2_cvrph.pkl.bz2,CVRPH,2828065,26042,0.05611479999999999
c69655959e11a11f06dff1d2ba89b0b1_243eb848-e455-4bdb-b4c8-3b3d6f0cb986,insts/NL/nl6.txt,2,data/nl6_sl2_cvrph.pkl.bz2,CVRPH,2828065,26042,0.05582210000000001
c69655959e11a11f06dff1d2ba89b0b1_a44b7fe4-bd33-4bc1-80bd-220182e71b3b,insts/NL/nl6.txt,2,data/nl6_sl2_cvrph.pkl.bz2,CVRPH,2828065,26042,0.0572713
c69655959e11a11f06dff1d2ba89b0b1_8887e5fc-6632-4220-b47b-dfcbc24c58b6,insts/NL/nl6.txt,2,data/nl6_sl2_cvrph.pkl.bz2,CVRPH,2828065,26042,0.057332400000000006
c69655959e11a11f06dff1d2ba89b0b1_e0540d7e-a335-4929-b638-aa5310b7f1d2,insts/NL/nl6.txt,2,data/nl6_sl2_cvrph.pkl.bz2,CVRPH,2828065,26042,0.05631929999999999
c69655959e11a11f06dff1d2ba89b0b1_d52083b2-04fd-4171-8a01-0987d828aa67,insts/NL/nl6.txt,2,data/nl6_sl2_cvrph.pkl.bz2,CVRPH,2828065,26042,0.056177599999999994
c69655959e11a11f06dff1d2ba89b0b1_895812c4-fead-4ee5-b328-9084fc0051ca,insts/NL/nl6.txt,3,data/nl6_sl3_cvrp.pkl.bz2,CVRP,2240401,22557,0.033146099999999984
c69655959e11a11f06dff1d2ba89b0b1_c89903c8-617c-4fcb-a56d-5e8633fb3b1b,insts/NL/nl6.txt,3,data/nl6_sl3_cvrp.pkl.bz2,CVRP,2240401,22557,0.03294720000000001
c69655959e11a11f06dff1d2ba89b0b1_15963fbd-5d4e-4cba-bb6d-d20971202a72,insts/NL/nl6.txt,3,data/nl6_sl3_cvrp.pkl.bz2,CVRP,2240401,22557,0.033232700000000004
c69655959e11a11f06dff1d2ba89b0b1_c3ae1e1a-c6cb-40e7-949c-a3dbf07da892,insts/NL/nl6.txt,3,data/nl6_sl3_cvrp.pkl.bz2,CVRP,2240401,22557,0.0347065
c69655959e11a11f06dff1d2ba89b0b1_8d57968e-ec84-4067-a3fc-c49ac3f1106b,insts/NL/nl6.txt,3,data/nl6_sl3_cvrp.pkl.bz2,CVRP,2240401,22557,0.0334545
c69655959e11a11f06dff1d2ba89b0b1_30551ec2-34ba-43fe-b4e9-fb7c0047879d,insts/NL/nl6.txt,3,data/nl6_sl3_cvrp.pkl.bz2,CVRP,2240401,22557,0.03382080000000001
c69655959e11a11f06dff1d2ba89b0b1_45e7f035-908b-4675-8704-1bdc051fb97b,insts/NL/nl6.txt,3,data/nl6_sl3_cvrp.pkl.bz2,CVRP,2240401,22557,0.03443160000000001
c69655959e11a11f06dff1d2ba89b0b1_b11c6d6c-2dac-4a9e-b532-69ba421698cf,insts/NL/nl6.txt,3,data/nl6_sl3_cvrp.pkl.bz2,CVRP,2240401,22557,0.03387870000000001
c69655959e11a11f06dff1d2ba89b0b1_b966b2cd-49fc-4885-b10b-653620bef417,insts/NL/nl6.txt,3,data/nl6_sl3_cvrp.pkl.bz2,CVRP,2240401,22557,0.033149100000000015
c69655959e11a11f06dff1d2ba89b0b1_64da5093-50bf-47c5-8a72-7d5a3e47ff6d,insts/NL/nl6.txt,3,data/nl6_sl3_cvrp.pkl.bz2,CVRP,2240401,22557,0.033883300000000005
c69655959e11a11f06dff1d2ba89b0b1_cfd4f1a4-72ba-4d56-8bb5-525794f052e3,insts/NL/nl6.txt,3,data/nl6_sl3_cvrph.pkl.bz2,CVRPH,4729147,22557,0.10245959999999998
c69655959e11a11f06dff1d2ba89b0b1_075adbfd-d442-458e-84e0-cbc800a215b8,insts/NL/nl6.txt,3,data/nl6_sl3_cvrph.pkl.bz2,CVRPH,4729147,22557,0.1038983
c69655959e11a11f06dff1d2ba89b0b1_d4144bd4-72ce-4311-b448-10374cdc1dc9,insts/NL/nl6.txt,3,data/nl6_sl3_cvrph.pkl.bz2,CVRPH,4729147,22557,0.10276279999999999
c69655959e11a11f06dff1d2ba89b0b1_1c62a454-a73d-4bbd-8ddf-80d4709712da,insts/NL/nl6.txt,3,data/nl6_sl3_cvrph.pkl.bz2,CVRPH,4729147,22557,0.1041261
c69655959e11a11f06dff1d2ba89b0b1_8abddcac-b035-4340-b6a1-68555d9f121b,insts/NL/nl6.txt,3,data/nl6_sl3_cvrph.pkl.bz2,CVRPH,4729147,22557,0.10305319999999998
c69655959e11a11f06dff1d2ba89b0b1_1b82edc3-d0b4-4428-bbd8-473f56f3a8e6,insts/NL/nl6.txt,3,data/nl6_sl3_cvrph.pkl.bz2,CVRPH,4729147,22557,0.10462469999999999
c69655959e11a11f06dff1d2ba89b0b1_6595f4a4-f240-49b9-832f-1092c2a326b6,insts/NL/nl6.txt,3,data/nl6_sl3_cvrph.pkl.bz2,CVRPH,4729147,22557,0.10316209999999998
c69655959e11a11f06dff1d2ba89b0b1_5fc73e39-9f3c-4789-b2e1-79f63bca3d5b,insts/NL/nl6.txt,3,data/nl6_sl3_cvrph.pkl.bz2,CVRPH,4729147,22557,0.10159750000000001
c69655959e11a11f06dff1d2ba89b0b1_870064a8-0ca7-401e-a350-2238fe68d246,insts/NL/nl6.txt,3,data/nl6_sl3_cvrph.pkl.bz2,CVRPH,4729147,22557,0.10348369999999998
c69655959e11a11f06dff1d2ba89b0b1_756dc8b3-d51c-4e19-a8d9-c24683b06f12,insts/NL/nl6.txt,3,data/nl6_sl3_cvrph.pkl.bz2,CVRPH,4729147,22557,0.10285269999999999
3ed60f066bd965c16d5d3210603fc5bf_1d9d4741-c50a-4fdf-975a-73c13245a905,insts/NL/nl8.txt,1,data/nl8_sl1_cvrp.pkl.bz2,CVRP,4472576,69884,0.038218699999999994
3ed60f066bd965c16d5d3210603fc5bf_23be35c9-7b0d-4779-ae13-bf1561d2f285,insts/NL/nl8.txt,1,data/nl8_sl1_cvrp.pkl.bz2,CVRP,4472576,69884,0.0341746
3ed60f066bd965c16d5d3210603fc5bf_9a1aa2ce-a34e-4120-b151-b97532b36c1f,insts/NL/nl8.txt,1,data/nl8_sl1_cvrp.pkl.bz2,CVRP,4472576,69884,0.034357200000000004
3ed60f066bd965c16d5d3210603fc5bf_fc74044b-9a90-4c6f-8a07-abb50ef32348,insts/NL/nl8.txt,1,data/nl8_sl1_cvrp.pkl.bz2,CVRP,4472576,69884,0.03424719999999998
3ed60f066bd965c16d5d3210603fc5bf_a77c7a22-945d-483e-bd32-aab9880ca8e7,insts/NL/nl8.txt,1,data/nl8_sl1_cvrp.pkl.bz2,CVRP,4472576,69884,0.03511120000000001
3ed60f066bd965c16d5d3210603fc5bf_d94350a0-13f0-4b4d-bb95-50427bce1bb3,insts/NL/nl8.txt,1,data/nl8_sl1_cvrp.pkl.bz2,CVRP,4472576,69884,0.034315999999999985
3ed60f066bd965c16d5d3210603fc5bf_35d03121-8e5b-4a5a-88ec-867c400c742d,insts/NL/nl8.txt,1,data/nl8_sl1_cvrp.pkl.bz2,CVRP,4472576,69884,0.03448609999999999
3ed60f066bd965c16d5d3210603fc5bf_1c48ec4e-84ff-486b-90a5-331fc3d53220,insts/NL/nl8.txt,1,data/nl8_sl1_cvrp.pkl.bz2,CVRP,4472576,69884,0.03444319999999998
3ed60f066bd965c16d5d3210603fc5bf_fa62555b-29fc-419c-a65c-5222de2f6546,insts/NL/nl8.txt,1,data/nl8_sl1_cvrp.pkl.bz2,CVRP,4472576,69884,0.0350192
3ed60f066bd965c16d5d3210603fc5bf_3cd08bf5-da01-40cd-8845-206eaafbe523,insts/NL/nl8.txt,1,data/nl8_sl1_cvrp.pkl.bz2,CVRP,4472576,69884,0.03472419999999998
3ed60f066bd965c16d5d3210603fc5bf_d7173d69-a669-4723-83e3-fd67e84220b7,insts/NL/nl8.txt,1,data/nl8_sl1_cvrph.pkl.bz2,CVRPH,4465408,69884,0.1161636
3ed60f066bd965c16d5d3210603fc5bf_f98767fe-831e-44ea-ac23-aa108e065421,insts/NL/nl8.txt,1,data/nl8_sl1_cvrph.pkl.bz2,CVRPH,4465408,69884,0.1169888
3ed60f066bd965c16d5d3210603fc5bf_17c64516-446d-4d1e-b9f6-9ac1e6d9ae69,insts/NL/nl8.txt,1,data/nl8_sl1_cvrph.pkl.bz2,CVRPH,4465408,69884,0.11622960000000002
3ed60f066bd965c16d5d3210603fc5bf_1de8ca3f-0a78-439e-9fa8-f8fb0526f12a,insts/NL/nl8.txt,1,data/nl8_sl1_cvrph.pkl.bz2,CVRPH,4465408,69884,0.11606030000000003
3ed60f066bd965c16d5d3210603fc5bf_49d9ebcc-df82-48c4-b935-43b73d426abf,insts/NL/nl8.txt,1,data/nl8_sl1_cvrph.pkl.bz2,CVRPH,4465408,69884,0.11771749999999997
3ed60f066bd965c16d5d3210603fc5bf_623559d1-88c4-43a0-af7e-08f6209059cf,insts/NL/nl8.txt,1,data/nl8_sl1_cvrph.pkl.bz2,CVRPH,4465408,69884,0.11636089999999999
3ed60f066bd965c16d5d3210603fc5bf_c3f6f1ae-a4a0-4d97-964c-be0d86730a24,insts/NL/nl8.txt,1,data/nl8_sl1_cvrph.pkl.bz2,CVRPH,4465408,69884,0.11771829999999997
3ed60f066bd965c16d5d3210603fc5bf_d8fd1463-b711-453c-ab17-2a58ea27dad4,insts/NL/nl8.txt,1,data/nl8_sl1_cvrph.pkl.bz2,CVRPH,4465408,69884,0.11689079999999999
3ed60f066bd965c16d5d3210603fc5bf_008ad2c7-faa0-44a7-935e-787df44ef498,insts/NL/nl8.txt,1,data/nl8_sl1_cvrph.pkl.bz2,CVRPH,4465408,69884,0.11653580000000002
3ed60f066bd965c16d5d3210603fc5bf_e6a37706-e14d-471d-bd36-f34f05c9ba07,insts/NL/nl8.txt,1,data/nl8_sl1_cvrph.pkl.bz2,CVRPH,4465408,69884,0.1191112
3ed60f066bd965c16d5d3210603fc5bf_88ef351b-f1ba-4ad3-80dc-abf2a2cb0869,insts/NL/nl8.txt,2,data/nl8_sl2_cvrp.pkl.bz2,CVRP,13671416,45686,0.1636085
3ed60f066bd965c16d5d3210603fc5bf_897b7c04-a293-42fb-bb1b-37bf31e5e460,insts/NL/nl8.txt,2,data/nl8_sl2_cvrp.pkl.bz2,CVRP,13671416,45686,0.16341599999999998
3ed60f066bd965c16d5d3210603fc5bf_16b31bb0-7067-46d5-a96e-1a1bcaeed796,insts/NL/nl8.txt,2,data/nl8_sl2_cvrp.pkl.bz2,CVRP,13671416,45686,0.1642493
3ed60f066bd965c16d5d3210603fc5bf_1f30e16b-5af5-4532-afe4-4f4df6a9cd0f,insts/NL/nl8.txt,2,data/nl8_sl2_cvrp.pkl.bz2,CVRP,13671416,45686,0.1632125
3ed60f066bd965c16d5d3210603fc5bf_fd67b2ce-40f3-4519-9c0f-20f8453f329d,insts/NL/nl8.txt,2,data/nl8_sl2_cvrp.pkl.bz2,CVRP,13671416,45686,0.1685329
3ed60f066bd965c16d5d3210603fc5bf_de94fa81-de96-4a93-a00e-ddd29751a20b,insts/NL/nl8.txt,2,data/nl8_sl2_cvrp.pkl.bz2,CVRP,13671416,45686,0.1645711
3ed60f066bd965c16d5d3210603fc5bf_ad6a710c-218b-4417-9041-55038d4f5e88,insts/NL/nl8.txt,2,data/nl8_sl2_cvrp.pkl.bz2,CVRP,13671416,45686,0.16225650000000003
3ed60f066bd965c16d5d3210603fc5bf_091ddcaa-5b8f-475e-836c-21932aa0b53a,insts/NL/nl8.txt,2,data/nl8_sl2_cvrp.pkl.bz2,CVRP,13671416,45686,0.1631709
3ed60f066bd965c16d5d3210603fc5bf_bf95ec0a-130e-41f2-9ba4-5cf6d53bafbf,insts/NL/nl8.txt,2,data/nl8_sl2_cvrp.pkl.bz2,CVRP,13671416,45686,0.1661118
3ed60f066bd965c16d5d3210603fc5bf_76ba0b35-8dbb-4506-be9a-90d07f1dc69b,insts/NL/nl8.txt,2,data/nl8_sl2_cvrp.pkl.bz2,CVRP,13671416,45686,0.16547589999999998
3ed60f066bd965c16d5d3210603fc5bf_1295d8ee-b40b-443b-88e2-802e78e8853d,insts/NL/nl8.txt,2,data/nl8_sl2_cvrph.pkl.bz2,CVRPH,32958181,45686,0.597479
3ed60f066bd965c16d5d3210603fc5bf_4fe9f10b-c6d7-44b0-9fcf-6d745852237c,insts/NL/nl8.txt,2,data/nl8_sl2_cvrph.pkl.bz2,CVRPH,32958181,45686,0.5904097
3ed60f066bd965c16d5d3210603fc5bf_14bc4ed8-4e60-4a20-8ea4-7950925ac443,insts/NL/nl8.txt,2,data/nl8_sl2_cvrph.pkl.bz2,CVRPH,32958181,45686,0.5970336
3ed60f066bd965c16d5d3210603fc5bf_a969ee4c-4a9e-4c1a-90d4-47b272e2d598,insts/NL/nl8.txt,2,data/nl8_sl2_cvrph.pkl.bz2,CVRPH,32958181,45686,0.5914136
3ed60f066bd965c16d5d3210603fc5bf_639a4523-fbea-45c5-b3bf-066ddab3efe6,insts/NL/nl8.txt,2,data/nl8_sl2_cvrph.pkl.bz2,CVRPH,32958181,45686,0.6001379
3ed60f066bd965c16d5d3210603fc5bf_57519d5f-4b63-4d92-a1f1-f8ffe882374f,insts/NL/nl8.txt,2,data/nl8_sl2_cvrph.pkl.bz2,CVRPH,32958181,45686,0.5944149
3ed60f066bd965c16d5d3210603fc5bf_6cea240f-fcfe-4332-9b15-5957039638da,insts/NL/nl8.txt,2,data/nl8_sl2_cvrph.pkl.bz2,CVRPH,32958181,45686,0.5975886
3ed60f066bd965c16d5d3210603fc5bf_8fee28f2-4b50-4499-b25d-d350154edd24,insts/NL/nl8.txt,2,data/nl8_sl2_cvrph.pkl.bz2,CVRPH,32958181,45686,0.596322
3ed60f066bd965c16d5d3210603fc5bf_fc5d65fd-0b17-4e6d-89aa-f689955834d1,insts/NL/nl8.txt,2,data/nl8_sl2_cvrph.pkl.bz2,CVRPH,32958181,45686,0.5951371
3ed60f066bd965c16d5d3210603fc5bf_9ca02b86-ff3f-4331-baef-7fe5f4bfa232,insts/NL/nl8.txt,2,data/nl8_sl2_cvrph.pkl.bz2,CVRPH,32958181,45686,0.5921509
3ed60f066bd965c16d5d3210603fc5bf_2223bf20-2f59-493e-b1f6-d05b533d6841,insts/NL/nl8.txt,3,data/nl8_sl3_cvrp.pkl.bz2,CVRP,21156243,38670,0.3324987
3ed60f066bd965c16d5d3210603fc5bf_2620d9b9-1a41-4f82-9db9-1b754b1928c3,insts/NL/nl8.txt,3,data/nl8_sl3_cvrp.pkl.bz2,CVRP,21156243,38670,0.3334878
3ed60f066bd965c16d5d3210603fc5bf_dbf0d4bd-a8a7-4b9b-b9e9-6aa0dda0260a,insts/NL/nl8.txt,3,data/nl8_sl3_cvrp.pkl.bz2,CVRP,21156243,38670,0.3223643
3ed60f066bd965c16d5d3210603fc5bf_a8859c71-d8a0-41ec-af70-6a0aa6634618,insts/NL/nl8.txt,3,data/nl8_sl3_cvrp.pkl.bz2,CVRP,21156243,38670,0.3243217
3ed60f066bd965c16d5d3210603fc5bf_6b68868f-c1e2-4627-93ce-510d0f2c537c,insts/NL/nl8.txt,3,data/nl8_sl3_cvrp.pkl.bz2,CVRP,21156243,38670,0.3200063
3ed60f066bd965c16d5d3210603fc5bf_b27b3576-377d-45fe-a8c6-9c647cd4c59e,insts/NL/nl8.txt,3,data/nl8_sl3_cvrp.pkl.bz2,CVRP,21156243,38670,0.3270293
3ed60f066bd965c16d5d3210603fc5bf_54d5999b-307c-4d29-a4e2-76671ee3ad86,insts/NL/nl8.txt,3,data/nl8_sl3_cvrp.pkl.bz2,CVRP,21156243,38670,0.3649761
3ed60f066bd965c16d5d3210603fc5bf_5ec41dc6-5066-421a-be9e-52037637fdf1,insts/NL/nl8.txt,3,data/nl8_sl3_cvrp.pkl.bz2,CVRP,21156243,38670,0.3438338999999999
3ed60f066bd965c16d5d3210603fc5bf_34a4ac91-4387-4b64-85af-06574ebaccc0,insts/NL/nl8.txt,3,data/nl8_sl3_cvrp.pkl.bz2,CVRP,21156243,38670,0.3219312
3ed60f066bd965c16d5d3210603fc5bf_0a332f06-7f89-4329-9119-4b58d71bf43a,insts/NL/nl8.txt,3,data/nl8_sl3_cvrp.pkl.bz2,CVRP,21156243,38670,0.32647820000000005
3ed60f066bd965c16d5d3210603fc5bf_023b39f9-d093-41ac-9b27-7d0b0b097592,insts/NL/nl8.txt,3,data/nl8_sl3_cvrph.pkl.bz2,CVRPH,63409384,38670,1.2618031
3ed60f066bd965c16d5d3210603fc5bf_966417a9-7789-4e54-b032-09c88abaaa32,insts/NL/nl8.txt,3,data/nl8_sl3_cvrph.pkl.bz2,CVRPH,63409384,38670,1.26334
3ed60f066bd965c16d5d3210603fc5bf_74b4d570-62e9-410b-9a3a-ed3ddc549054,insts/NL/nl8.txt,3,data/nl8_sl3_cvrph.pkl.bz2,CVRPH,63409384,38670,1.2407399
3ed60f066bd965c16d5d3210603fc5bf_291441e0-25cb-4fb4-99ef-fb1b67610726,insts/NL/nl8.txt,3,data/nl8_sl3_cvrph.pkl.bz2,CVRPH,63409384,38670,1.2602223
3ed60f066bd965c16d5d3210603fc5bf_7a4fe9b9-4de9-485b-a1cb-84e17a31f864,insts/NL/nl8.txt,3,data/nl8_sl3_cvrph.pkl.bz2,CVRPH,63409384,38670,1.2508593
3ed60f066bd965c16d5d3210603fc5bf_02245e55-ceb6-4d6c-bf71-bc46f84f13cc,insts/NL/nl8.txt,3,data/nl8_sl3_cvrph.pkl.bz2,CVRPH,63409384,38670,1.256016
3ed60f066bd965c16d5d3210603fc5bf_3db36110-f2c0-48a8-bd35-70409d09cb70,insts/NL/nl8.txt,3,data/nl8_sl3_cvrph.pkl.bz2,CVRPH,63409384,38670,1.2921548
3ed60f066bd965c16d5d3210603fc5bf_29090ea9-e249-4e51-a60c-244ae9e3e5b1,insts/NL/nl8.txt,3,data/nl8_sl3_cvrph.pkl.bz2,CVRPH,63409384,38670,1.2630804
3ed60f066bd965c16d5d3210603fc5bf_13f98f0a-4150-45f4-9f5f-1a0a63a1f795,insts/NL/nl8.txt,3,data/nl8_sl3_cvrph.pkl.bz2,CVRPH,63409384,38670,1.2577876000000001
3ed60f066bd965c16d5d3210603fc5bf_eff4502e-24e3-4373-ad56-f6105d34de1c,insts/NL/nl8.txt,3,data/nl8_sl3_cvrph.pkl.bz2,CVRPH,63409384,38670,1.2559727
8a74654456e7ab5396f7d75db967f0c5_26aa8445-67cd-440b-9c19-3dc54ab5f104,insts/NL/nl10.txt,1,data/nl10_sl1_cvrp.pkl.bz2,CVRP,28654592,111932,0.22096570000000001
8a74654456e7ab5396f7d75db967f0c5_8086cb2c-2bc2-4536-a295-026c775332fb,insts/NL/nl10.txt,1,data/nl10_sl1_cvrp.pkl.bz2,CVRP,28654592,111932,0.2030918
8a74654456e7ab5396f7d75db967f0c5_e7fb2714-217f-401f-83d1-ec599b6488b7,insts/NL/nl10.txt,1,data/nl10_sl1_cvrp.pkl.bz2,CVRP,28654592,111932,0.2045958
8a74654456e7ab5396f7d75db967f0c5_6f0e4ca7-5b1b-4c4a-951e-991f79c4277b,insts/NL/nl10.txt,1,data/nl10_sl1_cvrp.pkl.bz2,CVRP,28654592,111932,0.20092870000000002
8a74654456e7ab5396f7d75db967f0c5_6ac74e50-0e18-47f0-a987-9e0899ff38f9,insts/NL/nl10.txt,1,data/nl10_sl1_cvrp.pkl.bz2,CVRP,28654592,111932,0.2000573
8a74654456e7ab5396f7d75db967f0c5_579f48d2-6c51-4af5-8dc4-febddb030a68,insts/NL/nl10.txt,1,data/nl10_sl1_cvrp.pkl.bz2,CVRP,28654592,111932,0.21801240000000002
8a74654456e7ab5396f7d75db967f0c5_a37901c9-12f8-4787-a652-46c17d00bc5d,insts/NL/nl10.txt,1,data/nl10_sl1_cvrp.pkl.bz2,CVRP,28654592,111932,0.2081401
8a74654456e7ab5396f7d75db967f0c5_207f9fe5-a956-4111-a709-6eea83518b0e,insts/NL/nl10.txt,1,data/nl10_sl1_cvrp.pkl.bz2,CVRP,28654592,111932,0.21075519999999998
8a74654456e7ab5396f7d75db967f0c5_b2e5d05a-82c4-48c8-9849-ef82d60eaebc,insts/NL/nl10.txt,1,data/nl10_sl1_cvrp.pkl.bz2,CVRP,28654592,111932,0.20236690000000002
8a74654456e7ab5396f7d75db967f0c5_caee4e41-3aa5-48bf-adce-d67e3a43c6c8,insts/NL/nl10.txt,1,data/nl10_sl1_cvrp.pkl.bz2,CVRP,28654592,111932,0.20345400000000002
8a74654456e7ab5396f7d75db967f0c5_f7395401-606a-4962-af2f-4d515a011819,insts/NL/nl10.txt,1,data/nl10_sl1_cvrph.pkl.bz2,CVRPH,28608512,111932,0.848362
8a74654456e7ab5396f7d75db967f0c5_b33d1132-84b3-4873-83c8-81e4c7fb4db1,insts/NL/nl10.txt,1,data/nl10_sl1_cvrph.pkl.bz2,CVRPH,28608512,111932,0.8428487
8a74654456e7ab5396f7d75db967f0c5_c582c9c2-7616-45a3-8248-6a72d735cb90,insts/NL/nl10.txt,1,data/nl10_sl1_cvrph.pkl.bz2,CVRPH,28608512,111932,0.8534713
8a74654456e7ab5396f7d75db967f0c5_c1cdf88f-226d-4add-b6ed-6f41af4ac922,insts/NL/nl10.txt,1,data/nl10_sl1_cvrph.pkl.bz2,CVRPH,28608512,111932,0.8340312
8a74654456e7ab5396f7d75db967f0c5_f3557b51-3c08-4f93-aa08-773e636e68d5,insts/NL/nl10.txt,1,data/nl10_sl1_cvrph.pkl.bz2,CVRPH,28608512,111932,0.8447471999999999
8a74654456e7ab5396f7d75db967f0c5_fa7217b6-6623-4450-bbfc-590201d506de,insts/NL/nl10.txt,1,data/nl10_sl1_cvrph.pkl.bz2,CVRPH,28608512,111932,0.8352132
8a74654456e7ab5396f7d75db967f0c5_f0e34682-31fc-4b51-a1ad-4694f06f0c1d,insts/NL/nl10.txt,1,data/nl10_sl1_cvrph.pkl.bz2,CVRPH,28608512,111932,0.8452255
8a74654456e7ab5396f7d75db967f0c5_b8f5c848-e65f-4bae-9723-a38af08830ac,insts/NL/nl10.txt,1,data/nl10_sl1_cvrph.pkl.bz2,CVRPH,28608512,111932,0.8462810000000001
8a74654456e7ab5396f7d75db967f0c5_94f35f12-de7a-48a3-82ea-137bd22a7cf5,insts/NL/nl10.txt,1,data/nl10_sl1_cvrph.pkl.bz2,CVRPH,28608512,111932,0.8468941999999999
8a74654456e7ab5396f7d75db967f0c5_10d2aa84-7bb8-48c2-a001-38b0c38f05b0,insts/NL/nl10.txt,1,data/nl10_sl1_cvrph.pkl.bz2,CVRPH,28608512,111932,0.8607482999999999
8a74654456e7ab5396f7d75db967f0c5_10c84440-1b4d-4803-8cef-bd9657df76d7,insts/NL/nl10.txt,2,data/nl10_sl2_cvrp.pkl.bz2,CVRP,103461264,70866,1.2482323
8a74654456e7ab5396f7d75db967f0c5_a628e8a6-537a-409e-aa6b-b83fbd3661a9,insts/NL/nl10.txt,2,data/nl10_sl2_cvrp.pkl.bz2,CVRP,103461264,70866,1.2384822
8a74654456e7ab5396f7d75db967f0c5_26b77c13-0b5e-4c5c-ac7c-52b63e75643a,insts/NL/nl10.txt,2,data/nl10_sl2_cvrp.pkl.bz2,CVRP,103461264,70866,1.2129285
8a74654456e7ab5396f7d75db967f0c5_fed97459-a116-4b25-9503-233a3d6a0fb1,insts/NL/nl10.txt,2,data/nl10_sl2_cvrp.pkl.bz2,CVRP,103461264,70866,1.223228
8a74654456e7ab5396f7d75db967f0c5_debc928f-f71c-472a-8534-46721708cb78,insts/NL/nl10.txt,2,data/nl10_sl2_cvrp.pkl.bz2,CVRP,103461264,70866,1.2215411
8a74654456e7ab5396f7d75db967f0c5_07792686-323b-4119-92f2-ce9a992c0faf,insts/NL/nl10.txt,2,data/nl10_sl2_cvrp.pkl.bz2,CVRP,103461264,70866,1.2451509
8a74654456e7ab5396f7d75db967f0c5_1ea8fd3c-267b-4186-ae05-4788634ee2a3,insts/NL/nl10.txt,2,data/nl10_sl2_cvrp.pkl.bz2,CVRP,103461264,70866,1.2194605
8a74654456e7ab5396f7d75db967f0c5_e48fe95d-a077-4de9-8d2f-b0683895d1a7,insts/NL/nl10.txt,2,data/nl10_sl2_cvrp.pkl.bz2,CVRP,103461264,70866,1.2426659
8a74654456e7ab5396f7d75db967f0c5_2c6bfc24-8e8f-48dc-96c7-9e9fe415abfb,insts/NL/nl10.txt,2,data/nl10_sl2_cvrp.pkl.bz2,CVRP,103461264,70866,1.2214384
8a74654456e7ab5396f7d75db967f0c5_245f35ac-d20c-48fc-81c3-bf6fe822f597,insts/NL/nl10.txt,2,data/nl10_sl2_cvrp.pkl.bz2,CVRP,103461264,70866,1.2433926
8a74654456e7ab5396f7d75db967f0c5_91f0609d-a0ed-496e-8479-3b682279a952,insts/NL/nl10.txt,2,data/nl10_sl2_cvrph.pkl.bz2,CVRPH,310931025,70866,5.2344374
8a74654456e7ab5396f7d75db967f0c5_c39999ff-99fb-4272-9a1f-62c6958670d4,insts/NL/nl10.txt,2,data/nl10_sl2_cvrph.pkl.bz2,CVRPH,310931025,70866,5.25114
8a74654456e7ab5396f7d75db967f0c5_e6d4a2dd-85e3-47bc-8470-c9bc3200da90,insts/NL/nl10.txt,2,data/nl10_sl2_cvrph.pkl.bz2,CVRPH,310931025,70866,5.2750837
8a74654456e7ab5396f7d75db967f0c5_daaae91d-b164-487f-aabe-1b69cd6d0c2e,insts/NL/nl10.txt,2,data/nl10_sl2_cvrph.pkl.bz2,CVRPH,310931025,70866,5.2651116
8a74654456e7ab5396f7d75db967f0c5_2a39e9e4-796a-4487-a5f1-22733428839d,insts/NL/nl10.txt,2,data/nl10_sl2_cvrph.pkl.bz2,CVRPH,310931025,70866,5.2677130000000005
8a74654456e7ab5396f7d75db967f0c5_d8a1d99a-2caa-4b3b-bed7-d42f01916dd7,insts/NL/nl10.txt,2,data/nl10_sl2_cvrph.pkl.bz2,CVRPH,310931025,70866,5.2758025
8a74654456e7ab5396f7d75db967f0c5_9f44a1c1-a7a6-47bb-bf70-8567a79395f1,insts/NL/nl10.txt,2,data/nl10_sl2_cvrph.pkl.bz2,CVRPH,310931025,70866,5.2858237
8a74654456e7ab5396f7d75db967f0c5_d5714721-4c4b-4149-81ce-e3f7c1b944c8,insts/NL/nl10.txt,2,data/nl10_sl2_cvrph.pkl.bz2,CVRPH,310931025,70866,5.2825767
8a74654456e7ab5396f7d75db967f0c5_54638385-ad0c-49df-95e8-2d450ce2cb0d,insts/NL/nl10.txt,2,data/nl10_sl2_cvrph.pkl.bz2,CVRPH,310931025,70866,5.3265174
8a74654456e7ab5396f7d75db967f0c5_a9eab0b9-292f-4b80-8f69-66b979027b9f,insts/NL/nl10.txt,2,data/nl10_sl2_cvrph.pkl.bz2,CVRPH,310931025,70866,5.2627816
8a74654456e7ab5396f7d75db967f0c5_79ad5d91-7a3a-4f82-ab05-98e5e6cce45d,insts/NL/nl10.txt,3,data/nl10_sl3_cvrp.pkl.bz2,CVRP,161277096,56506,2.8314897
8a74654456e7ab5396f7d75db967f0c5_d159f692-a9f4-4307-9d2b-0934871b1da0,insts/NL/nl10.txt,3,data/nl10_sl3_cvrp.pkl.bz2,CVRP,161277096,56506,2.8523542
8a74654456e7ab5396f7d75db967f0c5_9333feea-f891-4570-a79f-d85b400c89f7,insts/NL/nl10.txt,3,data/nl10_sl3_cvrp.pkl.bz2,CVRP,161277096,56506,2.7625469
8a74654456e7ab5396f7d75db967f0c5_3875cda5-a284-4e74-8e12-32ae5db68894,insts/NL/nl10.txt,3,data/nl10_sl3_cvrp.pkl.bz2,CVRP,161277096,56506,2.7683805
8a74654456e7ab5396f7d75db967f0c5_ff266756-7a81-489c-8418-626bc4a9da78,insts/NL/nl10.txt,3,data/nl10_sl3_cvrp.pkl.bz2,CVRP,161277096,56506,2.7717788
8a74654456e7ab5396f7d75db967f0c5_4b545cb8-9b6f-429d-b1c2-cbaa1c3052a4,insts/NL/nl10.txt,3,data/nl10_sl3_cvrp.pkl.bz2,CVRP,161277096,56506,2.785209
8a74654456e7ab5396f7d75db967f0c5_e1bd2f52-a816-486d-9e5e-0c3006acefe3,insts/NL/nl10.txt,3,data/nl10_sl3_cvrp.pkl.bz2,CVRP,161277096,56506,2.7907688999999998
8a74654456e7ab5396f7d75db967f0c5_ad6de9f0-d8c8-4fa3-824c-99b013c72de4,insts/NL/nl10.txt,3,data/nl10_sl3_cvrp.pkl.bz2,CVRP,161277096,56506,2.7813572
8a74654456e7ab5396f7d75db967f0c5_fa04044f-cc86-4c89-9e9e-f34699b6b323,insts/NL/nl10.txt,3,data/nl10_sl3_cvrp.pkl.bz2,CVRP,161277096,56506,2.8040642
8a74654456e7ab5396f7d75db967f0c5_896c7e37-eb19-4b6b-835a-8d82fc70f315,insts/NL/nl10.txt,3,data/nl10_sl3_cvrp.pkl.bz2,CVRP,161277096,56506,2.9257607
8a74654456e7ab5396f7d75db967f0c5_7286b992-e005-4813-94e4-1128fc82800b,insts/NL/nl10.txt,3,data/nl10_sl3_cvrph.pkl.bz2,CVRPH,634247662,56506,12.1030382
8a74654456e7ab5396f7d75db967f0c5_840fa1b5-a8fc-495c-81a1-7c244ea05a64,insts/NL/nl10.txt,3,data/nl10_sl3_cvrph.pkl.bz2,CVRPH,634247662,56506,12.1432834
8a74654456e7ab5396f7d75db967f0c5_21e18265-1c4b-4ac1-9dcf-304c2ebd9d95,insts/NL/nl10.txt,3,data/nl10_sl3_cvrph.pkl.bz2,CVRPH,634247662,56506,12.2136725
8a74654456e7ab5396f7d75db967f0c5_75ba7ee4-f5f9-40be-a919-6a2814c0aae3,insts/NL/nl10.txt,3,data/nl10_sl3_cvrph.pkl.bz2,CVRPH,634247662,56506,12.101519999999999
8a74654456e7ab5396f7d75db967f0c5_8298f109-9b97-47d8-ad08-ccc1ab18c4d8,insts/NL/nl10.txt,3,data/nl10_sl3_cvrph.pkl.bz2,CVRPH,634247662,56506,12.1025437
8a74654456e7ab5396f7d75db967f0c5_052ff559-f6f7-4b80-95ae-97498ed1fa1d,insts/NL/nl10.txt,3,data/nl10_sl3_cvrph.pkl.bz2,CVRPH,634247662,56506,12.1802715
8a74654456e7ab5396f7d75db967f0c5_a5584348-cef1-47f2-9fe5-568abae37dcc,insts/NL/nl10.txt,3,data/nl10_sl3_cvrph.pkl.bz2,CVRPH,634247662,56506,12.1668295
8a74654456e7ab5396f7d75db967f0c5_8656a306-6ea8-497f-87c8-90f92eb641e2,insts/NL/nl10.txt,3,data/nl10_sl3_cvrph.pkl.bz2,CVRPH,634247662,56506,12.019855300000001
8a74654456e7ab5396f7d75db967f0c5_e7c05a87-52ae-4acf-9487-ab6c1bb1333b,insts/NL/nl10.txt,3,data/nl10_sl3_cvrph.pkl.bz2,CVRPH,634247662,56506,12.0583761
8a74654456e7ab5396f7d75db967f0c5_7e4c9efc-3620-4043-9975-89515c2192ae,insts/NL/nl10.txt,3,data/nl10_sl3_cvrph.pkl.bz2,CVRPH,634247662,56506,12.097827
50fa3b03198a8431131fa339dacc1a7f_a2602f63-b08d-48cd-b518-d41bc12988a8,insts/NL/nl12.txt,1,data/nl12_sl1_cvrp.pkl.bz2,CVRP,213614592,208608,1.1962176
50fa3b03198a8431131fa339dacc1a7f_134d419f-8be2-446a-b901-3e91448d6d80,insts/NL/nl12.txt,1,data/nl12_sl1_cvrp.pkl.bz2,CVRP,213614592,208608,1.1517890999999998
50fa3b03198a8431131fa339dacc1a7f_d05934ca-1b7c-4068-9d41-db0ccd2f152b,insts/NL/nl12.txt,1,data/nl12_sl1_cvrp.pkl.bz2,CVRP,213614592,208608,1.1586532
50fa3b03198a8431131fa339dacc1a7f_2c780e8c-3809-44d0-bcad-7780d1c59724,insts/NL/nl12.txt,1,data/nl12_sl1_cvrp.pkl.bz2,CVRP,213614592,208608,1.1598862
50fa3b03198a8431131fa339dacc1a7f_892c875a-9568-4c58-85f4-16fe54402c94,insts/NL/nl12.txt,1,data/nl12_sl1_cvrp.pkl.bz2,CVRP,213614592,208608,1.1540976
50fa3b03198a8431131fa339dacc1a7f_660c2794-9160-4628-b81c-c264601a7a48,insts/NL/nl12.txt,1,data/nl12_sl1_cvrp.pkl.bz2,CVRP,213614592,208608,1.1611890999999999
50fa3b03198a8431131fa339dacc1a7f_ffd1b489-ee15-4fbe-a4d2-9e63c106f04a,insts/NL/nl12.txt,1,data/nl12_sl1_cvrp.pkl.bz2,CVRP,213614592,208608,1.1462552
50fa3b03198a8431131fa339dacc1a7f_5955d3c4-ddf8-44bf-bbc2-1d8a43d573a5,insts/NL/nl12.txt,1,data/nl12_sl1_cvrp.pkl.bz2,CVRP,213614592,208608,1.1537617
50fa3b03198a8431131fa339dacc1a7f_f6fda030-3d7a-4036-bbdf-cf69b7095c5b,insts/NL/nl12.txt,1,data/nl12_sl1_cvrp.pkl.bz2,CVRP,213614592,208608,1.1562905
50fa3b03198a8431131fa339dacc1a7f_ee578668-92f5-48f0-8f7d-56f5b1b79088,insts/NL/nl12.txt,1,data/nl12_sl1_cvrp.pkl.bz2,CVRP,213614592,208608,1.1602842
50fa3b03198a8431131fa339dacc1a7f_e053bc6a-7eb8-440f-b36c-20759ca247d7,insts/NL/nl12.txt,1,data/nl12_sl1_cvrph.pkl.bz2,CVRPH,213344256,208608,5.5955798
50fa3b03198a8431131fa339dacc1a7f_74838530-7651-44a0-ab5b-250aa9e9a1bd,insts/NL/nl12.txt,1,data/nl12_sl1_cvrph.pkl.bz2,CVRPH,213344256,208608,5.5108185
50fa3b03198a8431131fa339dacc1a7f_9a1e5e9a-52d6-49eb-97ff-fda36f77392a,insts/NL/nl12.txt,1,data/nl12_sl1_cvrph.pkl.bz2,CVRPH,213344256,208608,5.634824399999999
50fa3b03198a8431131fa339dacc1a7f_0d6cfa41-9a91-4880-9e6a-67380d9a835b,insts/NL/nl12.txt,1,data/nl12_sl1_cvrph.pkl.bz2,CVRPH,213344256,208608,5.5135852
50fa3b03198a8431131fa339dacc1a7f_cb0404c8-fa7b-4b89-9756-f14a293d235d,insts/NL/nl12.txt,1,data/nl12_sl1_cvrph.pkl.bz2,CVRPH,213344256,208608,5.6251923
50fa3b03198a8431131fa339dacc1a7f_90c93244-adb1-42d5-84d8-1b747584415e,insts/NL/nl12.txt,1,data/nl12_sl1_cvrph.pkl.bz2,CVRPH,213344256,208608,5.5897766
50fa3b03198a8431131fa339dacc1a7f_a2d2a742-d7ce-4810-9623-162cdf0ba9d4,insts/NL/nl12.txt,1,data/nl12_sl1_cvrph.pkl.bz2,CVRPH,213344256,208608,5.525779
50fa3b03198a8431131fa339dacc1a7f_d27aa2c6-41a0-49a8-83e9-1327dd75a800,insts/NL/nl12.txt,1,data/nl12_sl1_cvrph.pkl.bz2,CVRPH,213344256,208608,5.519467
50fa3b03198a8431131fa339dacc1a7f_c432f9c8-6c4e-4277-ac36-d18cf60ced55,insts/NL/nl12.txt,1,data/nl12_sl1_cvrph.pkl.bz2,CVRPH,213344256,208608,5.5979
50fa3b03198a8431131fa339dacc1a7f_3e76b93c-53ed-42a1-a2ad-74e1d358cf27,insts/NL/nl12.txt,1,data/nl12_sl1_cvrph.pkl.bz2,CVRPH,213344256,208608,5.5252919
50fa3b03198a8431131fa339dacc1a7f_01550d18-8601-4006-83e2-4ef8b52463d7,insts/NL/nl12.txt,2,data/nl12_sl2_cvrp.pkl.bz2,CVRP,905536120,132720,9.155717399999999
50fa3b03198a8431131fa339dacc1a7f_ff9c60f9-3f41-4dce-82d7-ec3ca39248da,insts/NL/nl12.txt,2,data/nl12_sl2_cvrp.pkl.bz2,CVRP,905536120,132720,9.1395938
50fa3b03198a8431131fa339dacc1a7f_0476be74-8ee2-4f94-acab-abcda519b043,insts/NL/nl12.txt,2,data/nl12_sl2_cvrp.pkl.bz2,CVRP,905536120,132720,9.214825900000001
50fa3b03198a8431131fa339dacc1a7f_f84464f8-54c3-4305-83eb-2b4146844bad,insts/NL/nl12.txt,2,data/nl12_sl2_cvrp.pkl.bz2,CVRP,905536120,132720,9.185834900000001
50fa3b03198a8431131fa339dacc1a7f_f9c916ce-0d8b-4e72-a4f1-108ea17505b1,insts/NL/nl12.txt,2,data/nl12_sl2_cvrp.pkl.bz2,CVRP,905536120,132720,9.2108138
50fa3b03198a8431131fa339dacc1a7f_959474bf-3455-49f0-84ab-7972b9d071b0,insts/NL/nl12.txt,2,data/nl12_sl2_cvrp.pkl.bz2,CVRP,905536120,132720,9.2080283
50fa3b03198a8431131fa339dacc1a7f_66423f92-b921-4807-a74f-ef46583a96cc,insts/NL/nl12.txt,2,data/nl12_sl2_cvrp.pkl.bz2,CVRP,905536120,132720,9.2226318
50fa3b03198a8431131fa339dacc1a7f_2340b8e5-780a-4ab3-8731-1f119ac54aba,insts/NL/nl12.txt,2,data/nl12_sl2_cvrp.pkl.bz2,CVRP,905536120,132720,9.1507535
50fa3b03198a8431131fa339dacc1a7f_68e4efd8-5616-4a3c-8aed-e1312238d032,insts/NL/nl12.txt,2,data/nl12_sl2_cvrp.pkl.bz2,CVRP,905536120,132720,9.269378000000001
50fa3b03198a8431131fa339dacc1a7f_be3d4466-6a49-48a3-b7f8-1b8dce5b1b51,insts/NL/nl12.txt,2,data/nl12_sl2_cvrp.pkl.bz2,CVRP,905536120,132720,9.255286
50fa3b03198a8431131fa339dacc1a7f_f5efca0e-7202-44e3-bf87-a36d2f9d9ae9,insts/NL/nl12.txt,2,data/nl12_sl2_cvrph.pkl.bz2,CVRPH,-1040474113,132720,42.0392562
50fa3b03198a8431131fa339dacc1a7f_9c760be5-82e6-4389-8654-009544c84fbf,insts/NL/nl12.txt,2,data/nl12_sl2_cvrph.pkl.bz2,CVRPH,-1040474113,132720,41.4451162
50fa3b03198a8431131fa339dacc1a7f_8b2a866e-f6f6-47c9-b49a-52782025f78f,insts/NL/nl12.txt,2,data/nl12_sl2_cvrph.pkl.bz2,CVRPH,-1040474113,132720,41.4408242
50fa3b03198a8431131fa339dacc1a7f_cbbee228-f967-4eb0-8504-2572bcec1c36,insts/NL/nl12.txt,2,data/nl12_sl2_cvrph.pkl.bz2,CVRPH,-1040474113,132720,41.291737
50fa3b03198a8431131fa339dacc1a7f_6bc9e1ea-8931-4b39-9df8-b0fee013a470,insts/NL/nl12.txt,2,data/nl12_sl2_cvrph.pkl.bz2,CVRPH,-1040474113,132720,41.2872864
50fa3b03198a8431131fa339dacc1a7f_406bbdfb-f53b-47f0-a483-c7221c44cf82,insts/NL/nl12.txt,2,data/nl12_sl2_cvrph.pkl.bz2,CVRPH,-1040474113,132720,41.3700781
50fa3b03198a8431131fa339dacc1a7f_3ea84e05-6e33-486e-9804-e76f81e64eaf,insts/NL/nl12.txt,2,data/nl12_sl2_cvrph.pkl.bz2,CVRPH,-1040474113,132720,41.648673699999996
50fa3b03198a8431131fa339dacc1a7f_ef6a4d40-2abc-477c-9e2b-33d02a75871b,insts/NL/nl12.txt,2,data/nl12_sl2_cvrph.pkl.bz2,CVRPH,-1040474113,132720,42.025007699999996
50fa3b03198a8431131fa339dacc1a7f_cf4e56ca-d92e-483e-b575-d4c0ede74bf9,insts/NL/nl12.txt,2,data/nl12_sl2_cvrph.pkl.bz2,CVRPH,-1040474113,132720,41.735148099999996
50fa3b03198a8431131fa339dacc1a7f_c5689bca-22c0-4c32-be52-52a67827ed3c,insts/NL/nl12.txt,2,data/nl12_sl2_cvrph.pkl.bz2,CVRPH,-1040474113,132720,42.208979799999994
50fa3b03198a8431131fa339dacc1a7f_1ffaa54c-1fb6-4eac-8b33-8395a735567a,insts/NL/nl12.txt,3,data/nl12_sl3_cvrp.pkl.bz2,CVRP,1413178846,107483,21.220158799999997
50fa3b03198a8431131fa339dacc1a7f_ae3464ab-651f-4770-bcad-c5ff48c4d82a,insts/NL/nl12.txt,3,data/nl12_sl3_cvrp.pkl.bz2,CVRP,1413178846,107483,21.2803246
50fa3b03198a8431131fa339dacc1a7f_541dca8e-038c-4108-b4a2-bfab0d790e7a,insts/NL/nl12.txt,3,data/nl12_sl3_cvrp.pkl.bz2,CVRP,1413178846,107483,21.0388633
50fa3b03198a8431131fa339dacc1a7f_a463f30b-7703-4218-8b00-7a5be3477c16,insts/NL/nl12.txt,3,data/nl12_sl3_cvrp.pkl.bz2,CVRP,1413178846,107483,21.0615813
50fa3b03198a8431131fa339dacc1a7f_212986b2-2b27-4334-850c-15a8dd6f848f,insts/NL/nl12.txt,3,data/nl12_sl3_cvrp.pkl.bz2,CVRP,1413178846,107483,21.0975026
50fa3b03198a8431131fa339dacc1a7f_12a143f8-0537-417e-910f-6244ffbc618a,insts/NL/nl12.txt,3,data/nl12_sl3_cvrp.pkl.bz2,CVRP,1413178846,107483,21.330764600000002
50fa3b03198a8431131fa339dacc1a7f_1f9a26df-7ed0-46c6-9862-8e668c68a7f1,insts/NL/nl12.txt,3,data/nl12_sl3_cvrp.pkl.bz2,CVRP,1413178846,107483,21.0390088
50fa3b03198a8431131fa339dacc1a7f_9b579464-a4e6-4aad-b647-917f5c9e01d2,insts/NL/nl12.txt,3,data/nl12_sl3_cvrp.pkl.bz2,CVRP,1413178846,107483,21.2031013
50fa3b03198a8431131fa339dacc1a7f_013a540b-b631-4f5e-b4b8-4105cdc1fe4c,insts/NL/nl12.txt,3,data/nl12_sl3_cvrp.pkl.bz2,CVRP,1413178846,107483,21.2354439
50fa3b03198a8431131fa339dacc1a7f_80315fb1-fb4c-4cfe-b8f9-c26e581e8903,insts/NL/nl12.txt,3,data/nl12_sl3_cvrp.pkl.bz2,CVRP,1413178846,107483,21.1720717
50fa3b03198a8431131fa339dacc1a7f_26f943fa-6eb4-43a0-95fb-9eb1bc6859b3,insts/NL/nl12.txt,3,data/nl12_sl3_cvrph.pkl.bz2,CVRPH,-1731534462,107483,99.2452175
50fa3b03198a8431131fa339dacc1a7f_e26f9c53-602a-49a8-b39b-e447505462b0,insts/NL/nl12.txt,3,data/nl12_sl3_cvrph.pkl.bz2,CVRPH,-1731534462,107483,100.0091505
50fa3b03198a8431131fa339dacc1a7f_b0dd1985-8e33-497f-b695-483128a37af8,insts/NL/nl12.txt,3,data/nl12_sl3_cvrph.pkl.bz2,CVRPH,-1731534462,107483,105.3035651
50fa3b03198a8431131fa339dacc1a7f_c4ffbf21-0960-4f3f-841a-5fae345abf35,insts/NL/nl12.txt,3,data/nl12_sl3_cvrph.pkl.bz2,CVRPH,-1731534462,107483,103.7365564
50fa3b03198a8431131fa339dacc1a7f_bbe26802-2ad7-4d33-8266-896a22d983b2,insts/NL/nl12.txt,3,data/nl12_sl3_cvrph.pkl.bz2,CVRPH,-1731534462,107483,103.06733430000001
50fa3b03198a8431131fa339dacc1a7f_c48ca5eb-2a56-4189-ae26-c4f493804560,insts/NL/nl12.txt,3,data/nl12_sl3_cvrph.pkl.bz2,CVRPH,-1731534462,107483,103.1622306
50fa3b03198a8431131fa339dacc1a7f_529c3565-7a15-4a49-b991-798dbb9239bf,insts/NL/nl12.txt,3,data/nl12_sl3_cvrph.pkl.bz2,CVRPH,-1731534462,107483,103.9204017
50fa3b03198a8431131fa339dacc1a7f_ce88c9de-d39b-49ec-9b1c-d670ec3d12ae,insts/NL/nl12.txt,3,data/nl12_sl3_cvrph.pkl.bz2,CVRPH,-1731534462,107483,104.250293
50fa3b03198a8431131fa339dacc1a7f_2e841e1c-128c-43a3-9332-9360fa74406e,insts/NL/nl12.txt,3,data/nl12_sl3_cvrph.pkl.bz2,CVRPH,-1731534462,107483,104.00550510000001
50fa3b03198a8431131fa339dacc1a7f_d17f8481-775f-4659-983c-528c20c41af9,insts/NL/nl12.txt,3,data/nl12_sl3_cvrph.pkl.bz2,CVRPH,-1731534462,107483,105.10125959999999
f29652494deaeafa6fe68d1feb83543b_5a0383a3-756f-4ae2-a2b0-828ce1b32938,insts/NL/nl14.txt,1,data/nl14_sl1_cvrp.pkl.bz2,CVRP,1632108544,398464,7.1139107
f29652494deaeafa6fe68d1feb83543b_f371cc91-5a01-4545-8a1d-511f24a4f6ee,insts/NL/nl14.txt,1,data/nl14_sl1_cvrp.pkl.bz2,CVRP,1632108544,398464,7.080169700000001
f29652494deaeafa6fe68d1feb83543b_abc7f585-4ba5-4d48-a626-58c575591bac,insts/NL/nl14.txt,1,data/nl14_sl1_cvrp.pkl.bz2,CVRP,1632108544,398464,7.0907234
f29652494deaeafa6fe68d1feb83543b_6e186e69-35f4-4977-831b-5c884396bf8c,insts/NL/nl14.txt,1,data/nl14_sl1_cvrp.pkl.bz2,CVRP,1632108544,398464,7.0610484
f29652494deaeafa6fe68d1feb83543b_3b3ce0a4-5cc7-4d3d-a871-2bf6a70759d8,insts/NL/nl14.txt,1,data/nl14_sl1_cvrp.pkl.bz2,CVRP,1632108544,398464,7.0945339
f29652494deaeafa6fe68d1feb83543b_2a27abab-652f-4e85-b309-22b9fb201e57,insts/NL/nl14.txt,1,data/nl14_sl1_cvrp.pkl.bz2,CVRP,1632108544,398464,7.0781149999999995
f29652494deaeafa6fe68d1feb83543b_071c2e64-395e-4fb4-b185-f531860bf4f2,insts/NL/nl14.txt,1,data/nl14_sl1_cvrp.pkl.bz2,CVRP,1632108544,398464,7.0778903
f29652494deaeafa6fe68d1feb83543b_a6263cf5-a3fb-48a0-88b2-3a2e1c26859f,insts/NL/nl14.txt,1,data/nl14_sl1_cvrp.pkl.bz2,CVRP,1632108544,398464,7.0663640999999995
f29652494deaeafa6fe68d1feb83543b_ce6f569f-d61e-4133-89f6-6b7bd00f6d2e,insts/NL/nl14.txt,1,data/nl14_sl1_cvrp.pkl.bz2,CVRP,1632108544,398464,7.0861495
f29652494deaeafa6fe68d1feb83543b_37dd7a4f-be35-4fbe-abe6-92ba4c062432,insts/NL/nl14.txt,1,data/nl14_sl1_cvrp.pkl.bz2,CVRP,1632108544,398464,7.0874432
f29652494deaeafa6fe68d1feb83543b_076e9e39-4594-4fa7-9e68-4b397c9b9c19,insts/NL/nl14.txt,1,data/nl14_sl1_cvrph.pkl.bz2,CVRPH,1630617600,398464,37.3302201
f29652494deaeafa6fe68d1feb83543b_7a13387c-53a2-4eb9-b377-c510b6abc480,insts/NL/nl14.txt,1,data/nl14_sl1_cvrph.pkl.bz2,CVRPH,1630617600,398464,36.524127
f29652494deaeafa6fe68d1feb83543b_3686c49a-89c3-4042-8178-8f86eb790c06,insts/NL/nl14.txt,1,data/nl14_sl1_cvrph.pkl.bz2,CVRPH,1630617600,398464,36.3419254
f29652494deaeafa6fe68d1feb83543b_18ad30dd-6b2b-470b-b4e8-3a6783449756,insts/NL/nl14.txt,1,data/nl14_sl1_cvrph.pkl.bz2,CVRPH,1630617600,398464,36.701686
f29652494deaeafa6fe68d1feb83543b_a9e98e04-3b75-4d17-920c-41710691441d,insts/NL/nl14.txt,1,data/nl14_sl1_cvrph.pkl.bz2,CVRPH,1630617600,398464,36.7256139
f29652494deaeafa6fe68d1feb83543b_21858a99-b0cf-442e-a1ef-0d170e3b035a,insts/NL/nl14.txt,1,data/nl14_sl1_cvrph.pkl.bz2,CVRPH,1630617600,398464,36.968407
f29652494deaeafa6fe68d1feb83543b_f6def7e0-5e02-4676-906a-63c60e215c3d,insts/NL/nl14.txt,1,data/nl14_sl1_cvrph.pkl.bz2,CVRPH,1630617600,398464,36.569029699999994
f29652494deaeafa6fe68d1feb83543b_508cdd9c-e177-459f-aa97-19f194f48128,insts/NL/nl14.txt,1,data/nl14_sl1_cvrph.pkl.bz2,CVRPH,1630617600,398464,36.3840299
f29652494deaeafa6fe68d1feb83543b_78a59a22-ca2c-4031-bf2a-201e446f8081,insts/NL/nl14.txt,1,data/nl14_sl1_cvrph.pkl.bz2,CVRPH,1630617600,398464,36.311875199999996
f29652494deaeafa6fe68d1feb83543b_cf74621e-7b65-4243-a8b0-b5d563614d18,insts/NL/nl14.txt,1,data/nl14_sl1_cvrph.pkl.bz2,CVRPH,1630617600,398464,36.524209
f29652494deaeafa6fe68d1feb83543b_092438fd-8289-4312-94e4-8b45956089e4,insts/NL/nl14.txt,2,data/nl14_sl2_cvrp.pkl.bz2,CVRP,-1007152654,238796,60.6738481
f29652494deaeafa6fe68d1feb83543b_ab5a861f-ffad-4387-b280-33249382a5f6,insts/NL/nl14.txt,2,data/nl14_sl2_cvrp.pkl.bz2,CVRP,-1007152654,238796,60.5541741
f29652494deaeafa6fe68d1feb83543b_b47a3a70-ff40-4f64-871c-9970140ee723,insts/NL/nl14.txt,2,data/nl14_sl2_cvrp.pkl.bz2,CVRP,-1007152654,238796,60.433166199999995
f29652494deaeafa6fe68d1feb83543b_df2ade60-7b7c-47a6-a87b-540862c75824,insts/NL/nl14.txt,2,data/nl14_sl2_cvrp.pkl.bz2,CVRP,-1007152654,238796,61.1499172
f29652494deaeafa6fe68d1feb83543b_650ca735-8a1c-411d-ada3-f520d96ca857,insts/NL/nl14.txt,2,data/nl14_sl2_cvrp.pkl.bz2,CVRP,-1007152654,238796,60.7472377
f29652494deaeafa6fe68d1feb83543b_a25dbe81-5a5c-4a05-95e5-f2757948321a,insts/NL/nl14.txt,2,data/nl14_sl2_cvrp.pkl.bz2,CVRP,-1007152654,238796,60.9223498
f29652494deaeafa6fe68d1feb83543b_4c0d040c-81fd-4d28-9fbe-bac00d2a099f,insts/NL/nl14.txt,2,data/nl14_sl2_cvrp.pkl.bz2,CVRP,-1007152654,238796,61.3969801
f29652494deaeafa6fe68d1feb83543b_2fe27a87-8cba-4c15-8053-36daf14293aa,insts/NL/nl14.txt,2,data/nl14_sl2_cvrp.pkl.bz2,CVRP,-1007152654,238796,60.756151
f29652494deaeafa6fe68d1feb83543b_5894d272-eed9-43b2-bd11-3a6424e13f63,insts/NL/nl14.txt,2,data/nl14_sl2_cvrp.pkl.bz2,CVRP,-1007152654,238796,60.492041
f29652494deaeafa6fe68d1feb83543b_759bc7fe-9e81-4802-b13a-70233de688fe,insts/NL/nl14.txt,2,data/nl14_sl2_cvrp.pkl.bz2,CVRP,-1007152654,238796,61.283903699999996
f29652494deaeafa6fe68d1feb83543b_c2a99dc9-4cbd-4b10-8d8a-476425f82988,insts/NL/nl14.txt,2,data/nl14_sl2_cvrph.pkl.bz2,CVRPH,2112836153,238796,304.162901
f29652494deaeafa6fe68d1feb83543b_36735ff4-e18b-495b-abd5-e68e67af4b5c,insts/NL/nl14.txt,2,data/nl14_sl2_cvrph.pkl.bz2,CVRPH,2112836153,238796,303.6038327
f29652494deaeafa6fe68d1feb83543b_53a68c1d-b965-4197-bb7d-2421bc56134b,insts/NL/nl14.txt,2,data/nl14_sl2_cvrph.pkl.bz2,CVRPH,2112836153,238796,299.1305069
f29652494deaeafa6fe68d1feb83543b_dab4a8bd-1764-4d60-b81a-d0e0b1abf50d,insts/NL/nl14.txt,2,data/nl14_sl2_cvrph.pkl.bz2,CVRPH,2112836153,238796,294.6703515
f29652494deaeafa6fe68d1feb83543b_03f147b1-c03c-4810-a8fc-fef88d2b0181,insts/NL/nl14.txt,2,data/nl14_sl2_cvrph.pkl.bz2,CVRPH,2112836153,238796,292.9507755
f29652494deaeafa6fe68d1feb83543b_551a824a-2587-49a8-ae22-998957e02f19,insts/NL/nl14.txt,2,data/nl14_sl2_cvrph.pkl.bz2,CVRPH,2112836153,238796,291.81000720000003
f29652494deaeafa6fe68d1feb83543b_a80683f6-182c-4c88-8de9-0462b811d3e8,insts/NL/nl14.txt,2,data/nl14_sl2_cvrph.pkl.bz2,CVRPH,2112836153,238796,302.77141220000004
f29652494deaeafa6fe68d1feb83543b_ddcb3dfd-c5cb-46cb-a024-3297580e091d,insts/NL/nl14.txt,2,data/nl14_sl2_cvrph.pkl.bz2,CVRPH,2112836153,238796,305.4733425
f29652494deaeafa6fe68d1feb83543b_8f091786-54bc-4735-9a4f-476f471357c7,insts/NL/nl14.txt,2,data/nl14_sl2_cvrph.pkl.bz2,CVRPH,2112836153,238796,305.7929452
f29652494deaeafa6fe68d1feb83543b_4954b35e-9522-41c4-91b1-e0ad8fc4a6b1,insts/NL/nl14.txt,2,data/nl14_sl2_cvrph.pkl.bz2,CVRPH,2112836153,238796,303.27852570000005
f29652494deaeafa6fe68d1feb83543b_5fded115-e275-48bb-bd71-3c3178c44ed9,insts/NL/nl14.txt,3,data/nl14_sl3_cvrp.pkl.bz2,CVRP,-1183057285,182797,143.37739249999998
f29652494deaeafa6fe68d1feb83543b_cfd8c7bf-d4dd-4f16-8533-f913922df648,insts/NL/nl14.txt,3,data/nl14_sl3_cvrp.pkl.bz2,CVRP,-1183057285,182797,144.0319107
f29652494deaeafa6fe68d1feb83543b_f8108a23-9733-4789-bed7-76fd4b799902,insts/NL/nl14.txt,3,data/nl14_sl3_cvrp.pkl.bz2,CVRP,-1183057285,182797,143.2989529
f29652494deaeafa6fe68d1feb83543b_11b81667-f7aa-49db-8402-21e00f83c9ad,insts/NL/nl14.txt,3,data/nl14_sl3_cvrp.pkl.bz2,CVRP,-1183057285,182797,144.15347219999998
f29652494deaeafa6fe68d1feb83543b_f2baae3b-8aee-4db6-bf7b-f2853ebc2c9c,insts/NL/nl14.txt,3,data/nl14_sl3_cvrp.pkl.bz2,CVRP,-1183057285,182797,143.5867112
f29652494deaeafa6fe68d1feb83543b_4410451d-32ac-4df9-ab09-146e8faf0223,insts/NL/nl14.txt,3,data/nl14_sl3_cvrp.pkl.bz2,CVRP,-1183057285,182797,144.80881300000001
f29652494deaeafa6fe68d1feb83543b_5f9a335b-f95b-451e-a3fd-9eb6ffb210a3,insts/NL/nl14.txt,3,data/nl14_sl3_cvrp.pkl.bz2,CVRP,-1183057285,182797,145.7365126
f29652494deaeafa6fe68d1feb83543b_62bb2802-ff0b-4292-8ab0-148b977536cb,insts/NL/nl14.txt,3,data/nl14_sl3_cvrp.pkl.bz2,CVRP,-1183057285,182797,143.47853990000002
f29652494deaeafa6fe68d1feb83543b_8198fc20-d809-4d22-be51-e98ce40e11ba,insts/NL/nl14.txt,3,data/nl14_sl3_cvrp.pkl.bz2,CVRP,-1183057285,182797,143.94133839999998
f29652494deaeafa6fe68d1feb83543b_042cae1b-53c7-4c26-a51f-2aadde9a6900,insts/NL/nl14.txt,3,data/nl14_sl3_cvrp.pkl.bz2,CVRP,-1183057285,182797,143.4938951
f29652494deaeafa6fe68d1feb83543b_aed13901-35a7-4c7c-a8e0-13aa4feb7dd9,insts/NL/nl14.txt,3,data/nl14_sl3_cvrph.pkl.bz2,CVRPH,-102653555,182797,752.1583747
f29652494deaeafa6fe68d1feb83543b_0139b714-ebd1-4c01-8f8e-18400e015e58,insts/NL/nl14.txt,3,data/nl14_sl3_cvrph.pkl.bz2,CVRPH,-102653555,182797,723.535291
f29652494deaeafa6fe68d1feb83543b_2afe3f78-4109-48f8-a7e6-176572d916a1,insts/NL/nl14.txt,3,data/nl14_sl3_cvrph.pkl.bz2,CVRPH,-102653555,182797,763.1049479999999
f29652494deaeafa6fe68d1feb83543b_4daab968-7a55-4be1-b4e9-ceceace01a7c,insts/NL/nl14.txt,3,data/nl14_sl3_cvrph.pkl.bz2,CVRPH,-102653555,182797,752.7742611
f29652494deaeafa6fe68d1feb83543b_ef52179e-677a-491a-8c27-f9ad9da26253,insts/NL/nl14.txt,3,data/nl14_sl3_cvrph.pkl.bz2,CVRPH,-102653555,182797,724.5442892000001
f29652494deaeafa6fe68d1feb83543b_5d891217-7f3c-4101-b768-3d1d1a771e14,insts/NL/nl14.txt,3,data/nl14_sl3_cvrph.pkl.bz2,CVRPH,-102653555,182797,724.0413901000001
f29652494deaeafa6fe68d1feb83543b_c8bbffc9-43ef-4dfc-93a5-8be6f77914bf,insts/NL/nl14.txt,3,data/nl14_sl3_cvrph.pkl.bz2,CVRPH,-102653555,182797,769.4410163
f29652494deaeafa6fe68d1feb83543b_74fd7e20-9753-4a9d-9d6d-883c1fbfcb58,insts/NL/nl14.txt,3,data/nl14_sl3_cvrph.pkl.bz2,CVRPH,-102653555,182797,752.1171029000001
f29652494deaeafa6fe68d1feb83543b_6707dc83-0022-4f05-8670-d1af759c421c,insts/NL/nl14.txt,3,data/nl14_sl3_cvrph.pkl.bz2,CVRPH,-102653555,182797,754.8389187
f29652494deaeafa6fe68d1feb83543b_b8926be8-1d02-4633-ad5f-2b1f08284227,insts/NL/nl14.txt,3,data/nl14_sl3_cvrph.pkl.bz2,CVRPH,-102653555,182797,754.3464869999999
651652b0b61e4f9bc6a769139a859c50_6c7a74e0-7cb9-4b29-a4b1-220b10a1b99f,insts/NL/nl16.txt,1,data/nl16_sl1_cvrp.pkl.bz2,CVRP,805175296,573432,38.4991789
651652b0b61e4f9bc6a769139a859c50_fad59c25-3793-4bab-ad7a-1584b9822c3f,insts/NL/nl16.txt,1,data/nl16_sl1_cvrp.pkl.bz2,CVRP,805175296,573432,38.4284138
651652b0b61e4f9bc6a769139a859c50_38dca286-1374-455a-aac6-83b75ac5b481,insts/NL/nl16.txt,1,data/nl16_sl1_cvrp.pkl.bz2,CVRP,805175296,573432,38.561685600000004
651652b0b61e4f9bc6a769139a859c50_5237dfb2-3512-4858-b6ee-084d0bade622,insts/NL/nl16.txt,1,data/nl16_sl1_cvrp.pkl.bz2,CVRP,805175296,573432,38.405384999999995
651652b0b61e4f9bc6a769139a859c50_47497f99-c1f9-4161-b336-8d6e0ffd3ba5,insts/NL/nl16.txt,1,data/nl16_sl1_cvrp.pkl.bz2,CVRP,805175296,573432,38.7050238
651652b0b61e4f9bc6a769139a859c50_eb85162c-966d-4b3f-8e7d-ed37ec59154c,insts/NL/nl16.txt,1,data/nl16_sl1_cvrp.pkl.bz2,CVRP,805175296,573432,38.860182900000005
651652b0b61e4f9bc6a769139a859c50_b94c6d98-f420-418f-9623-538e58446872,insts/NL/nl16.txt,1,data/nl16_sl1_cvrp.pkl.bz2,CVRP,805175296,573432,38.6926089
651652b0b61e4f9bc6a769139a859c50_4ead1e7e-cd8b-49fe-86d8-50803c5e2b37,insts/NL/nl16.txt,1,data/nl16_sl1_cvrp.pkl.bz2,CVRP,805175296,573432,38.8990095
651652b0b61e4f9bc6a769139a859c50_ba0b447d-4cca-4ab8-bc7b-053f3d4371c5,insts/NL/nl16.txt,1,data/nl16_sl1_cvrp.pkl.bz2,CVRP,805175296,573432,38.641742099999995
651652b0b61e4f9bc6a769139a859c50_296cabb4-e669-449c-a298-4a0079be7ba1,insts/NL/nl16.txt,1,data/nl16_sl1_cvrp.pkl.bz2,CVRP,805175296,573432,38.4480242
651652b0b61e4f9bc6a769139a859c50_badd9049-4ed3-486a-80a1-8e968aeb5964,insts/NL/nl16.txt,1,data/nl16_sl1_cvrph.pkl.bz2,CVRPH,797310976,573432,213.3852529
651652b0b61e4f9bc6a769139a859c50_2e74b22a-b87e-429c-b3c5-c1e34d081b0a,insts/NL/nl16.txt,1,data/nl16_sl1_cvrph.pkl.bz2,CVRPH,797310976,573432,212.3482513
651652b0b61e4f9bc6a769139a859c50_5f6c92da-6442-4de2-8483-6524b97570b6,insts/NL/nl16.txt,1,data/nl16_sl1_cvrph.pkl.bz2,CVRPH,797310976,573432,214.3006217
651652b0b61e4f9bc6a769139a859c50_e64f2bdd-e5c2-4ba2-94af-57519eca3c43,insts/NL/nl16.txt,1,data/nl16_sl1_cvrph.pkl.bz2,CVRPH,797310976,573432,213.0360351
651652b0b61e4f9bc6a769139a859c50_ecab5f1f-6841-48b8-9f29-07c8ede5b017,insts/NL/nl16.txt,1,data/nl16_sl1_cvrph.pkl.bz2,CVRPH,797310976,573432,213.09318340000002
651652b0b61e4f9bc6a769139a859c50_6586ec0b-0ead-47d9-97c6-8342b5f44729,insts/NL/nl16.txt,1,data/nl16_sl1_cvrph.pkl.bz2,CVRPH,797310976,573432,212.1806408
651652b0b61e4f9bc6a769139a859c50_70ee043c-444f-4b94-88cc-87367601a480,insts/NL/nl16.txt,1,data/nl16_sl1_cvrph.pkl.bz2,CVRPH,797310976,573432,213.0271309
651652b0b61e4f9bc6a769139a859c50_ef2e5558-011b-4293-b50e-f9aaf1f4c670,insts/NL/nl16.txt,1,data/nl16_sl1_cvrph.pkl.bz2,CVRPH,797310976,573432,213.6567857
651652b0b61e4f9bc6a769139a859c50_80c93b6a-d4c1-4a7a-880a-c86646a094f6,insts/NL/nl16.txt,1,data/nl16_sl1_cvrph.pkl.bz2,CVRPH,797310976,573432,213.1666496
651652b0b61e4f9bc6a769139a859c50_237dcebd-2108-45ba-9aa0-5d16937fba7f,insts/NL/nl16.txt,1,data/nl16_sl1_cvrph.pkl.bz2,CVRPH,797310976,573432,213.65707079999999
651652b0b61e4f9bc6a769139a859c50_ed0cb5ea-7e2d-4236-85b3-ceaef11eabd8,insts/NL/nl16.txt,2,data/nl16_sl2_cvrp.pkl.bz2,CVRP,148989299,334940,358.60067200000003
651652b0b61e4f9bc6a769139a859c50_95d6146d-8b06-47b0-a9fa-16bac471b929,insts/NL/nl16.txt,2,data/nl16_sl2_cvrp.pkl.bz2,CVRP,148989299,334940,356.5792522
651652b0b61e4f9bc6a769139a859c50_77d20ec8-dbc9-406f-8ef4-cd47b7af2392,insts/NL/nl16.txt,2,data/nl16_sl2_cvrp.pkl.bz2,CVRP,148989299,334940,364.3445879
651652b0b61e4f9bc6a769139a859c50_2ff71953-3801-49d0-afaf-78424980b896,insts/NL/nl16.txt,2,data/nl16_sl2_cvrp.pkl.bz2,CVRP,148989299,334940,362.1131207
651652b0b61e4f9bc6a769139a859c50_a96718e2-9ba0-4c35-a7ad-c48ee200710f,insts/NL/nl16.txt,2,data/nl16_sl2_cvrp.pkl.bz2,CVRP,148989299,334940,359.3759881
651652b0b61e4f9bc6a769139a859c50_9f50c3e6-05d8-46ba-9dc5-04b26a6116b6,insts/NL/nl16.txt,2,data/nl16_sl2_cvrp.pkl.bz2,CVRP,148989299,334940,360.0824718
651652b0b61e4f9bc6a769139a859c50_e1f2a1f5-2cf0-403d-b3da-65c8de8f8d36,insts/NL/nl16.txt,2,data/nl16_sl2_cvrp.pkl.bz2,CVRP,148989299,334940,357.6587782
651652b0b61e4f9bc6a769139a859c50_69f65b89-b55e-418a-b103-c1c9cb955e99,insts/NL/nl16.txt,2,data/nl16_sl2_cvrp.pkl.bz2,CVRP,148989299,334940,358.7168477
651652b0b61e4f9bc6a769139a859c50_0d1512d2-e649-4767-a205-0bd948160d96,insts/NL/nl16.txt,2,data/nl16_sl2_cvrp.pkl.bz2,CVRP,148989299,334940,358.8739677
651652b0b61e4f9bc6a769139a859c50_b452eba0-bf25-47ae-9c16-a89a1904591a,insts/NL/nl16.txt,2,data/nl16_sl2_cvrp.pkl.bz2,CVRP,148989299,334940,358.1742356
651652b0b61e4f9bc6a769139a859c50_0be6fbb6-ac06-49cb-a20c-d3a9d36adf8b,insts/NL/nl16.txt,2,data/nl16_sl2_cvrph.pkl.bz2,CVRPH,354045446,334940,1986.7646871000002
651652b0b61e4f9bc6a769139a859c50_dd54645a-8d6c-4fe7-963f-c0e3f1980118,insts/NL/nl16.txt,2,data/nl16_sl2_cvrph.pkl.bz2,CVRPH,354045446,334940,1972.3764127999998
651652b0b61e4f9bc6a769139a859c50_0c7e479b-14fd-4f0e-aac3-14dde7f9b214,insts/NL/nl16.txt,2,data/nl16_sl2_cvrph.pkl.bz2,CVRPH,354045446,334940,2012.2455940999998
651652b0b61e4f9bc6a769139a859c50_96fd3d75-f5bf-4212-8827-0d0b365056f1,insts/NL/nl16.txt,2,data/nl16_sl2_cvrph.pkl.bz2,CVRPH,354045446,334940,2009.6590975
651652b0b61e4f9bc6a769139a859c50_644ed9d9-5339-4f73-af26-038fef33f421,insts/NL/nl16.txt,2,data/nl16_sl2_cvrph.pkl.bz2,CVRPH,354045446,334940,2036.2710765
651652b0b61e4f9bc6a769139a859c50_d5abcc88-d49f-4ef0-a9c8-201409db234d,insts/NL/nl16.txt,2,data/nl16_sl2_cvrph.pkl.bz2,CVRPH,354045446,334940,2041.6660495
651652b0b61e4f9bc6a769139a859c50_3864813a-1c75-46fb-9528-602752d53893,insts/NL/nl16.txt,2,data/nl16_sl2_cvrph.pkl.bz2,CVRPH,354045446,334940,2039.5134281
651652b0b61e4f9bc6a769139a859c50_eed1ee59-b4d7-47ec-9cdb-f29775c82842,insts/NL/nl16.txt,2,data/nl16_sl2_cvrph.pkl.bz2,CVRPH,354045446,334940,2050.6588342
651652b0b61e4f9bc6a769139a859c50_7b11d973-e0a4-4813-80ea-9436f5a1def9,insts/NL/nl16.txt,2,data/nl16_sl2_cvrph.pkl.bz2,CVRPH,354045446,334940,1933.9134543
651652b0b61e4f9bc6a769139a859c50_6f0d9e8b-07f0-48ec-bbd9-093245af730e,insts/NL/nl16.txt,2,data/nl16_sl2_cvrph.pkl.bz2,CVRPH,354045446,334940,1929.2914296
651652b0b61e4f9bc6a769139a859c50_2d6fd802-1cc8-4a5f-bdaa-4d62f2201014,insts/NL/nl16.txt,3,data/nl16_sl3_cvrp.pkl.bz2,CVRP,1981485466,248852,829.5026945999999
651652b0b61e4f9bc6a769139a859c50_58e1652a-a01a-4df3-849e-3976e4f117ac,insts/NL/nl16.txt,3,data/nl16_sl3_cvrp.pkl.bz2,CVRP,1981485466,248852,823.8769348
651652b0b61e4f9bc6a769139a859c50_ac7bfbc4-304c-4581-930b-5131cf03eb34,insts/NL/nl16.txt,3,data/nl16_sl3_cvrp.pkl.bz2,CVRP,1981485466,248852,820.6166444
651652b0b61e4f9bc6a769139a859c50_a6eb6203-a657-48c0-a11b-701daebebde2,insts/NL/nl16.txt,3,data/nl16_sl3_cvrp.pkl.bz2,CVRP,1981485466,248852,821.6452904
651652b0b61e4f9bc6a769139a859c50_0c5efa2f-571e-492b-bfbb-920904c99777,insts/NL/nl16.txt,3,data/nl16_sl3_cvrp.pkl.bz2,CVRP,1981485466,248852,818.7864884
651652b0b61e4f9bc6a769139a859c50_4cc897fb-1ebd-4920-8892-f5932256ec1c,insts/NL/nl16.txt,3,data/nl16_sl3_cvrp.pkl.bz2,CVRP,1981485466,248852,822.3527164999999
651652b0b61e4f9bc6a769139a859c50_f48eb530-8550-4260-b656-f6a0298579c2,insts/NL/nl16.txt,3,data/nl16_sl3_cvrp.pkl.bz2,CVRP,1981485466,248852,823.9317987000001
651652b0b61e4f9bc6a769139a859c50_7da3b842-e945-491a-8f14-ca5c7db436ea,insts/NL/nl16.txt,3,data/nl16_sl3_cvrp.pkl.bz2,CVRP,1981485466,248852,829.4760901999999
651652b0b61e4f9bc6a769139a859c50_152167c3-ca8c-4ac7-afce-82d8dd2de1e3,insts/NL/nl16.txt,3,data/nl16_sl3_cvrp.pkl.bz2,CVRP,1981485466,248852,847.5460827999999
651652b0b61e4f9bc6a769139a859c50_d2e160b4-7f01-46bb-9f9b-f6670c2bbfee,insts/NL/nl16.txt,3,data/nl16_sl3_cvrp.pkl.bz2,CVRP,1981485466,248852,868.5661031
651652b0b61e4f9bc6a769139a859c50_4e6993bc-5955-4e7e-8f95-4de2f6103ee2,insts/NL/nl16.txt,3,data/nl16_sl3_cvrph.pkl.bz2,CVRPH,-846552600,248852,5016.2913582
651652b0b61e4f9bc6a769139a859c50_75800c0e-71ee-4a4b-ac01-f179d574e284,insts/NL/nl16.txt,3,data/nl16_sl3_cvrph.pkl.bz2,CVRPH,-846552600,248852,5037.507766600001
651652b0b61e4f9bc6a769139a859c50_7a581cf3-faf3-4240-a3cf-51468c5106dd,insts/NL/nl16.txt,3,data/nl16_sl3_cvrph.pkl.bz2,CVRPH,-846552600,248852,4954.6001633
651652b0b61e4f9bc6a769139a859c50_629a8307-9327-481a-badb-6e676daf795c,insts/NL/nl16.txt,3,data/nl16_sl3_cvrph.pkl.bz2,CVRPH,-846552600,248852,4850.0608926
651652b0b61e4f9bc6a769139a859c50_cf3616f4-f638-4a0c-9afe-625068ce03a9,insts/NL/nl16.txt,3,data/nl16_sl3_cvrph.pkl.bz2,CVRPH,-846552600,248852,4883.7233095
651652b0b61e4f9bc6a769139a859c50_0d034a54-154a-4ad0-93c0-3f963a1be6e5,insts/NL/nl16.txt,3,data/nl16_sl3_cvrph.pkl.bz2,CVRPH,-846552600,248852,4893.3183172
651652b0b61e4f9bc6a769139a859c50_9945f8c3-0bdc-4fef-b7c2-ae770fe8f969,insts/NL/nl16.txt,3,data/nl16_sl3_cvrph.pkl.bz2,CVRPH,-846552600,248852,4824.7825434999995
651652b0b61e4f9bc6a769139a859c50_8dd8fafb-d92c-4cd3-bebf-1869918016b4,insts/NL/nl16.txt,3,data/nl16_sl3_cvrph.pkl.bz2,CVRPH,-846552600,248852,4983.0095178
651652b0b61e4f9bc6a769139a859c50_db811b45-9574-48a6-b4d8-f918eac5edb4,insts/NL/nl16.txt,3,data/nl16_sl3_cvrph.pkl.bz2,CVRPH,-846552600,248852,4864.6726485
651652b0b61e4f9bc6a769139a859c50_0664eb1c-c097-4eff-be27-e15b52838279,insts/NL/nl16.txt,3,data/nl16_sl3_cvrph.pkl.bz2,CVRPH,-846552600,248852,4871.4635757
8d5da888e8fab653616b7df9a437d11a_688d9ee2-d718-45f1-a1d2-732d3e01e68a,insts/NL/nl4.txt,3,data/nl4_sl3_cvrp.pkl.bz2,CVRP,107904,8044,0.008889599999999831
82329486ef7755227f7ced89a151e0c6_79899c69-2930-4876-9d03-449bec3653f4,insts/CIRC/circ10.txt,1,data/circ10_sl1_cvrp.pkl.bz2,CVRP,128000,500,0.26090630000000004
6811938931c3144dc65d6eee9e370e7c_8c944266-925f-45f8-aa5a-f0e2312bf20b,insts/CIRC/circ12.txt,1,data/circ12_sl1_cvrp.pkl.bz2,CVRP,884736,864,1.6605272000000002
82329486ef7755227f7ced89a151e0c6_a0efd6c3-0293-46ff-bc71-696c96e113cb,insts/CIRC/circ10.txt,1,data/circ10_sl1_cvrph.pkl.bz2,CVRPH,81920,500,1.1938097
82329486ef7755227f7ced89a151e0c6_0559240f-9200-45b8-8940-314d80043b0a,insts/CIRC/circ10.txt,2,data/circ10_sl2_cvrp.pkl.bz2,CVRP,433490,300,1.8475848999999998
82329486ef7755227f7ced89a151e0c6_0e985b1b-9250-4652-b181-1ebb93feca57,insts/CIRC/circ10.txt,2,data/circ10_sl2_cvrph.pkl.bz2,CVRPH,1110400,300,7.9838303
29461dbd0f5d033b1f7c7b2f5854b69e_9c68cab5-6765-4f4e-9a94-c932f9def2b2,insts/CIRC/circ14.txt,1,data/circ14_sl1_cvrp.pkl.bz2,CVRP,5619712,1372,10.3046771
6811938931c3144dc65d6eee9e370e7c_c0cb7acc-5da9-431c-a72c-fe223e42b399,insts/CIRC/circ12.txt,1,data/circ12_sl1_cvrph.pkl.bz2,CVRPH,614400,864,8.6186546
82329486ef7755227f7ced89a151e0c6_7d536f6f-bd3e-4604-8915-9d64de465c78,insts/CIRC/circ10.txt,3,data/circ10_sl3_cvrp.pkl.bz2,CVRP,649070,220,4.3022874
6811938931c3144dc65d6eee9e370e7c_55d68d8b-fee9-4964-9afa-285088104a73,insts/CIRC/circ12.txt,2,data/circ12_sl2_cvrp.pkl.bz2,CVRP,3436272,504,14.0843082
82329486ef7755227f7ced89a151e0c6_6038fa12-bd16-4941-a771-6ce4c9ab4b3f,insts/CIRC/circ10.txt,3,data/circ10_sl3_cvrph.pkl.bz2,CVRPH,2273890,220,18.6321274
01c5f6df8f7934909becf29ed5bf2120_ca228f09-49e1-40ba-a8f5-41f06be89106,insts/CIRC/circ16.txt,1,data/circ16_sl1_cvrp.pkl.bz2,CVRP,33554432,2048,54.7044618
29461dbd0f5d033b1f7c7b2f5854b69e_259bbbfd-9246-4578-a90f-86b3654a28fe,insts/CIRC/circ14.txt,1,data/circ14_sl1_cvrph.pkl.bz2,CVRPH,4128768,1372,51.3854075
6811938931c3144dc65d6eee9e370e7c_64be746a-1012-4ec2-b817-f798bc8ca50a,insts/CIRC/circ12.txt,2,data/circ12_sl2_cvrph.pkl.bz2,CVRPH,11204664,504,62.5088722
6811938931c3144dc65d6eee9e370e7c_4b7ff28b-a6f6-438a-b9cc-524705ca0c00,insts/CIRC/circ12.txt,3,data/circ12_sl3_cvrp.pkl.bz2,CVRP,5112360,384,32.2623564
29461dbd0f5d033b1f7c7b2f5854b69e_07dae5b4-c3b5-4088-bc2c-dd387af645ab,insts/CIRC/circ14.txt,2,data/circ14_sl2_cvrp.pkl.bz2,CVRP,24628282,784,84.9438047
6811938931c3144dc65d6eee9e370e7c_1a50b614-78d8-40e4-8b6f-4fb6f2cf43cd,insts/CIRC/circ12.txt,3,data/circ12_sl3_cvrph.pkl.bz2,CVRPH,23436744,384,148.1759902
abcc7252c2c5ac1fd73eb93ef1e0021f_ee3b4315-b08c-4137-addb-f06e66fc0c31,insts/CIRC/circ18.txt,1,data/circ18_sl1_cvrp.pkl.bz2,CVRP,191102976,2916,282.07827299999997
01c5f6df8f7934909becf29ed5bf2120_f9edf054-700f-4dc6-87a1-7793aedf48b4,insts/CIRC/circ16.txt,1,data/circ16_sl1_cvrph.pkl.bz2,CVRPH,25690112,2048,307.5196569
29461dbd0f5d033b1f7c7b2f5854b69e_b3afc4a5-3692-43c2-931f-41900b50d608,insts/CIRC/circ14.txt,2,data/circ14_sl2_cvrph.pkl.bz2,CVRPH,97350652,784,440.7709536
29461dbd0f5d033b1f7c7b2f5854b69e_9b380013-70a3-439e-8955-d34228290f69,insts/CIRC/circ14.txt,3,data/circ14_sl3_cvrp.pkl.bz2,CVRP,36380778,588,191.1531646
01c5f6df8f7934909becf29ed5bf2120_367dbce9-84d4-4253-b641-163731433066,insts/CIRC/circ16.txt,2,data/circ16_sl2_cvrp.pkl.bz2,CVRP,163825472,1152,473.8680928
d71d9ee1e12de7f036def1b6287d3bc8_27e75c07-4c6f-4acc-8fbf-7298b1528b2c,insts/CIRC/circ4.txt,1,data/circ4_sl1_cvrp.pkl.bz2,CVRP,128,32,0.04367199999999999
d71d9ee1e12de7f036def1b6287d3bc8_308a9b1c-728c-47d3-bbca-485dc33fddcd,insts/CIRC/circ4.txt,1,data/circ4_sl1_cvrph.pkl.bz2,CVRPH,32,32,0.004076499999999983
d71d9ee1e12de7f036def1b6287d3bc8_9d76a02c-3857-4697-b594-c483457e2e85,insts/CIRC/circ4.txt,2,data/circ4_sl2_cvrp.pkl.bz2,CVRP,224,24,0.004842099999999988
d71d9ee1e12de7f036def1b6287d3bc8_af37cbad-3af1-4368-ab21-6b0882b0105a,insts/CIRC/circ4.txt,2,data/circ4_sl2_cvrph.pkl.bz2,CVRPH,132,24,0.022439300000000023
d71d9ee1e12de7f036def1b6287d3bc8_201c340b-ad6e-466c-90c2-918ec66894c0,insts/CIRC/circ4.txt,3,data/circ4_sl3_cvrp.pkl.bz2,CVRP,264,16,0.006252399999999991
d71d9ee1e12de7f036def1b6287d3bc8_cae10f57-587a-46a4-a10b-a33839744a6b,insts/CIRC/circ4.txt,3,data/circ4_sl3_cvrph.pkl.bz2,CVRPH,196,16,0.010932300000000006
af35132bf33ba6ca43836bbf37d95e1b_46cc1bec-9751-46ae-a0af-b18d79daa103,insts/CIRC/circ6.txt,1,data/circ6_sl1_cvrp.pkl.bz2,CVRP,1728,108,0.0109437
af35132bf33ba6ca43836bbf37d95e1b_0f9ea091-6830-4155-bb50-032c8fb2931e,insts/CIRC/circ6.txt,1,data/circ6_sl1_cvrph.pkl.bz2,CVRPH,768,108,0.027976500000000015
af35132bf33ba6ca43836bbf37d95e1b_7b241e2e-79f0-4ff8-9756-a927539ccd77,insts/CIRC/circ6.txt,2,data/circ6_sl2_cvrp.pkl.bz2,CVRP,4086,72,0.03374179999999999
af35132bf33ba6ca43836bbf37d95e1b_71dc221f-24b8-4d1a-8efa-8765b452b72b,insts/CIRC/circ6.txt,2,data/circ6_sl2_cvrph.pkl.bz2,CVRPH,4788,72,0.0902986
af35132bf33ba6ca43836bbf37d95e1b_fd057335-5594-4b88-8f63-79feaeef732e,insts/CIRC/circ6.txt,3,data/circ6_sl3_cvrp.pkl.bz2,CVRP,5910,60,0.04800300000000002
af35132bf33ba6ca43836bbf37d95e1b_a9add0e2-52b9-4f37-81a2-f222ae32deea,insts/CIRC/circ6.txt,3,data/circ6_sl3_cvrph.pkl.bz2,CVRPH,8022,60,0.1593916
e24508679118f24747a8f19de67acf0a_b89c44c6-8136-4559-9f38-72a42162342c,insts/CIRC/circ8.txt,1,data/circ8_sl1_cvrp.pkl.bz2,CVRP,16384,256,0.0474184
e24508679118f24747a8f19de67acf0a_6f0865ec-546d-498f-8988-2fffcbe7a7fe,insts/CIRC/circ8.txt,1,data/circ8_sl1_cvrph.pkl.bz2,CVRPH,9216,256,0.1872941
e24508679118f24747a8f19de67acf0a_6bfb6057-6bdb-4c2d-899a-c5c690bf9b47,insts/CIRC/circ8.txt,2,data/circ8_sl2_cvrp.pkl.bz2,CVRP,47296,160,0.2589356
e24508679118f24747a8f19de67acf0a_709d2d76-0d86-4bd8-a527-3dcb8e9e42a7,insts/CIRC/circ8.txt,2,data/circ8_sl2_cvrph.pkl.bz2,CVRPH,87888,160,0.9373132
e24508679118f24747a8f19de67acf0a_89990ca0-9504-4753-a6b4-10d7c090f029,insts/CIRC/circ8.txt,3,data/circ8_sl3_cvrp.pkl.bz2,CVRP,70800,128,0.4950082
e24508679118f24747a8f19de67acf0a_544a82a4-ab54-47fb-85b5-5c98d27a320b,insts/CIRC/circ8.txt,3,data/circ8_sl3_cvrph.pkl.bz2,CVRPH,171368,128,1.8877864
29461dbd0f5d033b1f7c7b2f5854b69e_a03c6b16-244e-4d51-8e30-65242ea53cec,insts/CIRC/circ14.txt,3,data/circ14_sl3_cvrph.pkl.bz2,CVRPH,206203200,588,1025.2255242
01c5f6df8f7934909becf29ed5bf2120_3bdc1084-53b0-4ae8-ba46-44a18619fbd8,insts/CIRC/circ16.txt,2,data/circ16_sl2_cvrph.pkl.bz2,CVRPH,759974976,1152,5034.3247857
01c5f6df8f7934909becf29ed5bf2120_059ecfd8-4cae-4307-938e-01d79b467b17,insts/CIRC/circ16.txt,3,data/circ16_sl3_cvrp.pkl.bz2,CVRP,240400064,832,2188.868894
01c5f6df8f7934909becf29ed5bf2120_5740b830-e97e-4019-b66c-9d0b04974101,insts/CIRC/circ16.txt,3,data/circ16_sl3_cvrph.pkl.bz2,CVRPH,1623040304,832,12702.6583819
abcc7252c2c5ac1fd73eb93ef1e0021f_30796213-b897-4d6b-b086-d03656347ea7,insts/CIRC/circ18.txt,3,data/circ18_sl3_cvrp.pkl.bz2,CVRP,1500603282,1188,12211.1019049
abcc7252c2c5ac1fd73eb93ef1e0021f_2a317b85-32ff-41f5-a6f1-a8397e2666f3,insts/CIRC/circ18.txt,3,data/circ18_sl3_cvrph.pkl.bz2,CVRPH,-1125989418,1188,27071.851771700003
abcc7252c2c5ac1fd73eb93ef1e0021f_d24d9a61-57c2-4577-b0a7-cfc31f493ff3,insts/CIRC/circ18.txt,1,data/circ18_sl1_cvrph.pkl.bz2,CVRPH,150994944,2916,1052.9412083999998
abcc7252c2c5ac1fd73eb93ef1e0021f_09e70bb9-5dd4-4473-9086-dc279a2a9bcc,insts/CIRC/circ18.txt,2,data/circ18_sl2_cvrp.pkl.bz2,CVRP,1028748114,1620,1670.927362
abcc7252c2c5ac1fd73eb93ef1e0021f_b12b994b-66b0-4365-955d-3e94d777cdeb,insts/CIRC/circ18.txt,2,data/circ18_sl2_cvrph.pkl.bz2,CVRPH,1178614112,1620,10950.2622197
